planner,predicted_return,sequence_model_return,sequence_true_return,selected_return_gap,model_bias,model_uncertainty,transition_error,max_pocket_score,true_max_pocket_score,min_goal_distance,model_steps,candidate_count,static_search,dataset,output_tag,seed,budget,horizon,gamma,action_library,action_count,exploration,reward_bias,dynamics_bias,uncertainty_pocket,start_label,episode_true_return,episode_max_pocket_score,simulations,tree_nodes,search_concentration,adaptive_search,root_value,episode_model_steps,episode_steps
static_rollout_pool,-23.027482426099183,-23.027482426099183,-23.031580492846203,0.004098066747019402,0.0028988463664981453,0.38273195162217233,0.0005063070510782373,0.0008584199803125329,0.0008554178432706814,1.0294928363290805,756.0,42.0,1.0,exploration_sweep,exploration_0.35,0,768,18,0.98,default9,9,0.35,1.15,0.22,0.55,base,,,,,,,,,
uct_mcts,-27.802009325515833,-24.702518432972013,-25.547700827955147,0.8451823949831336,0.45498766976291544,0.6635448531050919,0.10875372872062028,0.05806655647288352,0.028340456550776865,1.5570946510526427,768.0,,,exploration_sweep,exploration_0.35,0,768,18,0.98,default9,9,0.35,1.15,0.22,0.55,base,,,46.0,47.0,0.6086956521739131,1.0,-28.760883062824124,,
static_rollout_pool,-21.80570468647983,-21.80570468647983,-21.98456300950945,0.17885832302961902,0.12165380271863876,0.4493640975345429,0.019002678270618967,0.06976586866132266,0.06886201547863492,0.8359754662200491,756.0,42.0,1.0,exploration_sweep,exploration_0.35,1,768,18,0.98,default9,9,0.35,1.15,0.22,0.55,base,,,,,,,,,
uct_mcts,-25.35277150719495,-32.50978179588615,-32.509799358591536,1.7562705387774713e-05,7.63449243398938e-06,0.3810853908573618,1.7310003370882457e-06,4.481879011401504e-06,4.481875082112487e-06,1.4985277343380423,768.0,,,exploration_sweep,exploration_0.35,1,768,18,0.98,default9,9,0.35,1.15,0.22,0.55,base,,,48.0,49.0,0.7916666666666666,1.0,-26.488755931581547,,
static_rollout_pool,-25.493039562007993,-25.493039562007993,-25.65360829715111,0.16056873514311576,0.139360263333766,0.461569980536874,0.024859233621044384,0.05472226654296507,0.05009801189289325,1.089228026924188,756.0,42.0,1.0,exploration_sweep,exploration_0.35,2,768,18,0.98,default9,9,0.35,1.15,0.22,0.55,base,,,,,,,,,
uct_mcts,-28.76437609113936,-27.031659091058966,-27.173941193079244,0.14228210202027824,0.06527511305078788,0.42095330822031823,0.01622474345674643,0.00653200165148121,0.006296264809564614,1.6716266024481015,768.0,,,exploration_sweep,exploration_0.35,2,768,18,0.98,default9,9,0.35,1.15,0.22,0.55,base,,,47.0,48.0,0.723404255319149,1.0,-29.397831197615986,,
static_rollout_pool,-22.28106792462932,-22.28106792462932,-22.281261748823738,0.00019382419441882348,7.129687367903122e-05,0.3811227763888502,1.5028469815316615e-05,1.6473859644031936e-05,1.6472023528847518e-05,1.028526075736858,756.0,42.0,1.0,exploration_sweep,exploration_0.35,3,768,18,0.98,default9,9,0.35,1.15,0.22,0.55,base,,,,,,,,,
uct_mcts,-28.277380499590322,-27.210812766535835,-27.21081315173715,3.8520131440122896e-07,1.3711389455429522e-07,0.3810809200743185,3.463301398442332e-08,6.631116727287985e-09,6.631110772141575e-09,1.7648423562729119,768.0,,,exploration_sweep,exploration_0.35,3,768,18,0.98,default9,9,0.35,1.15,0.22,0.55,base,,,47.0,48.0,0.723404255319149,1.0,-29.154400722900952,,
static_rollout_pool,-23.027482426099183,-23.027482426099183,-23.031580492846203,0.004098066747019402,0.0028988463664981453,0.38273195162217233,0.0005063070510782373,0.0008584199803125329,0.0008554178432706814,1.0294928363290805,756.0,42.0,1.0,exploration_sweep,exploration_0.75,0,768,18,0.98,default9,9,0.75,1.15,0.22,0.55,base,,,,,,,,,
uct_mcts,-28.152533578357982,-27.08242967562834,-27.19642108458803,0.1139914089596914,0.055902741454017045,0.4152230253400487,0.013888176901164437,0.006372622255235684,0.0060203895901410264,1.6701197561851664,768.0,,,exploration_sweep,exploration_0.75,0,768,18,0.98,default9,9,0.75,1.15,0.22,0.55,base,,,46.0,47.0,0.6086956521739131,1.0,-28.97675199161042,,
static_rollout_pool,-21.80570468647983,-21.80570468647983,-21.98456300950945,0.17885832302961902,0.12165380271863876,0.4493640975345429,0.019002678270618967,0.06976586866132266,0.06886201547863492,0.8359754662200491,756.0,42.0,1.0,exploration_sweep,exploration_0.75,1,768,18,0.98,default9,9,0.75,1.15,0.22,0.55,base,,,,,,,,,
uct_mcts,-26.435062801956892,-30.1252191284045,-30.125221175585686,2.0471811872369017e-06,9.520652160885775e-07,0.38108140793282497,2.226559289336799e-07,4.892970445214674e-07,4.892969927546824e-07,1.5528518386201535,768.0,,,exploration_sweep,exploration_0.75,1,768,18,0.98,default9,9,0.75,1.15,0.22,0.55,base,,,47.0,48.0,0.7872340425531915,1.0,-27.36494236414704,,
static_rollout_pool,-25.493039562007993,-25.493039562007993,-25.65360829715111,0.16056873514311576,0.139360263333766,0.461569980536874,0.024859233621044384,0.05472226654296507,0.05009801189289325,1.089228026924188,756.0,42.0,1.0,exploration_sweep,exploration_0.75,2,768,18,0.98,default9,9,0.75,1.15,0.22,0.55,base,,,,,,,,,
uct_mcts,-27.37191221665981,-34.943129677721465,-34.94313007124246,3.9352099179268407e-07,2.0563106632328164e-07,0.38108096101900557,5.0302881254071426e-08,1.3313939741700014e-07,1.331393947849619e-07,1.6875251400534714,768.0,,,exploration_sweep,exploration_0.75,2,768,18,0.98,default9,9,0.75,1.15,0.22,0.55,base,,,46.0,47.0,0.5217391304347826,1.0,-28.872506139107408,,
static_rollout_pool,-22.28106792462932,-22.28106792462932,-22.281261748823738,0.00019382419441882348,7.129687367903122e-05,0.3811227763888502,1.5028469815316615e-05,1.6473859644031936e-05,1.6472023528847518e-05,1.028526075736858,756.0,42.0,1.0,exploration_sweep,exploration_0.75,3,768,18,0.98,default9,9,0.75,1.15,0.22,0.55,base,,,,,,,,,
uct_mcts,-26.532876929077414,-31.06817505109908,-31.068175179762317,1.2866323828575332e-07,4.071393880971617e-08,0.3810808611653414,1.0090767824585172e-08,1.2449132310702725e-08,1.2449130765670084e-08,1.7102995107153003,768.0,,,exploration_sweep,exploration_0.75,3,768,18,0.98,default9,9,0.75,1.15,0.22,0.55,base,,,47.0,48.0,0.7021276595744681,1.0,-27.904971326028633,,
static_rollout_pool,-23.027482426099183,-23.027482426099183,-23.031580492846203,0.004098066747019402,0.0028988463664981453,0.38273195162217233,0.0005063070510782373,0.0008584199803125329,0.0008554178432706814,1.0294928363290805,756.0,42.0,1.0,exploration_sweep,exploration_1.25,0,768,18,0.98,default9,9,1.25,1.15,0.22,0.55,base,,,,,,,,,
uct_mcts,-26.85797300162714,-26.25879601832545,-26.25879658481036,5.66484906983078e-07,2.1923615941009223e-07,0.38108097004061825,5.512297831562171e-08,1.1403744406115877e-07,1.1403744227892142e-07,1.6002287467761087,768.0,,,exploration_sweep,exploration_1.25,0,768,18,0.98,default9,9,1.25,1.15,0.22,0.55,base,,,46.0,47.0,0.41304347826086957,1.0,-28.315361883430793,,
static_rollout_pool,-21.80570468647983,-21.80570468647983,-21.98456300950945,0.17885832302961902,0.12165380271863876,0.4493640975345429,0.019002678270618967,0.06976586866132266,0.06886201547863492,0.8359754662200491,756.0,42.0,1.0,exploration_sweep,exploration_1.25,1,768,18,0.98,default9,9,1.25,1.15,0.22,0.55,base,,,,,,,,,
uct_mcts,-26.798965992062325,-30.935624125751136,-30.935624621877793,4.961266562020228e-07,2.4265648273866845e-07,0.3810809838200053,6.006483248485279e-08,1.3313939741700014e-07,1.331393947849619e-07,1.6875251400534714,768.0,,,exploration_sweep,exploration_1.25,1,768,18,0.98,default9,9,1.25,1.15,0.22,0.55,base,,,47.0,48.0,0.7659574468085106,1.0,-27.72796797571883,,
static_rollout_pool,-25.493039562007993,-25.493039562007993,-25.65360829715111,0.16056873514311576,0.139360263333766,0.461569980536874,0.024859233621044384,0.05472226654296507,0.05009801189289325,1.089228026924188,756.0,42.0,1.0,exploration_sweep,exploration_1.25,2,768,18,0.98,default9,9,1.25,1.15,0.22,0.55,base,,,,,,,,,
uct_mcts,-27.58163677211748,-26.854752060292213,-27.00802194628259,0.15326988599037605,0.06854597125789516,0.4229532502106224,0.017043013054080052,0.006372618579858618,0.006020389590141038,1.6701197561851664,768.0,,,exploration_sweep,exploration_1.25,2,768,18,0.98,default9,9,1.25,1.15,0.22,0.55,base,,,46.0,47.0,0.45652173913043476,1.0,-29.100570929940808,,
static_rollout_pool,-22.28106792462932,-22.28106792462932,-22.281261748823738,0.00019382419441882348,7.129687367903122e-05,0.3811227763888502,1.5028469815316615e-05,1.6473859644031936e-05,1.6472023528847518e-05,1.028526075736858,756.0,42.0,1.0,exploration_sweep,exploration_1.25,3,768,18,0.98,default9,9,1.25,1.15,0.22,0.55,base,,,,,,,,,
uct_mcts,-26.19317891452258,-25.928597690603205,-25.928605884053407,8.193450202753638e-06,2.888457258764398e-06,0.3810825856783371,7.049753472616801e-07,1.3314156742485717e-07,1.331393947849619e-07,1.6875251400534714,768.0,,,exploration_sweep,exploration_1.25,3,768,18,0.98,default9,9,1.25,1.15,0.22,0.55,base,,,47.0,48.0,0.7021276595744681,1.0,-27.73528613780069,,
static_rollout_pool,-23.027482426099183,-23.027482426099183,-23.031580492846203,0.004098066747019402,0.0028988463664981453,0.38273195162217233,0.0005063070510782373,0.0008584199803125329,0.0008554178432706814,1.0294928363290805,756.0,42.0,1.0,exploration_sweep,exploration_2.00,0,768,18,0.98,default9,9,2.0,1.15,0.22,0.55,base,,,,,,,,,
uct_mcts,-27.229343466425053,-28.737548140192413,-28.737548179618862,3.942644966059561e-08,1.1558782708390774e-08,0.3810808435571034,3.0672051658419843e-09,1.7096392201257124e-09,1.7096392201257124e-09,1.879606303435595,768.0,,,exploration_sweep,exploration_2.00,0,768,18,0.98,default9,9,2.0,1.15,0.22,0.55,base,,,46.0,47.0,0.43478260869565216,1.0,-28.804662130473968,,
static_rollout_pool,-21.80570468647983,-21.80570468647983,-21.98456300950945,0.17885832302961902,0.12165380271863876,0.4493640975345429,0.019002678270618967,0.06976586866132266,0.06886201547863492,0.8359754662200491,756.0,42.0,1.0,exploration_sweep,exploration_2.00,1,768,18,0.98,default9,9,2.0,1.15,0.22,0.55,base,,,,,,,,,
uct_mcts,-26.81422104738893,-15.048858336352184,-15.478585577930767,0.42972724157858266,0.3202550052274367,0.5510698187675285,0.035681937569495184,0.08963911227184225,0.09783172818156793,0.4049031858048676,768.0,,,exploration_sweep,exploration_2.00,1,768,18,0.98,default9,9,2.0,1.15,0.22,0.55,base,,,46.0,47.0,0.41304347826086957,1.0,-28.62169416876377,,
static_rollout_pool,-25.493039562007993,-25.493039562007993,-25.65360829715111,0.16056873514311576,0.139360263333766,0.461569980536874,0.024859233621044384,0.05472226654296507,0.05009801189289325,1.089228026924188,756.0,42.0,1.0,exploration_sweep,exploration_2.00,2,768,18,0.98,default9,9,2.0,1.15,0.22,0.55,base,,,,,,,,,
uct_mcts,-26.319391714441217,-24.629432322629256,-25.47461472343053,0.8451824008012743,0.45498767228416304,0.6635448546813205,0.10875372931953615,0.05806655677996004,0.028340456550776865,1.5570946510526427,768.0,,,exploration_sweep,exploration_2.00,2,768,18,0.98,default9,9,2.0,1.15,0.22,0.55,base,,,46.0,47.0,0.391304347826087,1.0,-28.928128078145377,,
static_rollout_pool,-22.28106792462932,-22.28106792462932,-22.281261748823738,0.00019382419441882348,7.129687367903122e-05,0.3811227763888502,1.5028469815316615e-05,1.6473859644031936e-05,1.6472023528847518e-05,1.028526075736858,756.0,42.0,1.0,exploration_sweep,exploration_2.00,3,768,18,0.98,default9,9,2.0,1.15,0.22,0.55,base,,,,,,,,,
uct_mcts,-27.383439838312395,-27.088041181658213,-27.088041239973908,5.831569538372605e-08,2.0838808342170752e-08,0.3810808492580956,5.487417105037734e-09,8.565666917366824e-09,8.565666716067322e-09,1.6002287467761087,768.0,,,exploration_sweep,exploration_2.00,3,768,18,0.98,default9,9,2.0,1.15,0.22,0.55,base,,,46.0,47.0,0.5869565217391305,1.0,-28.977481138323103,,
static_rollout_pool,-23.027482426099183,-23.027482426099183,-23.031580492846203,0.004098066747019402,0.0028988463664981453,0.38273195162217233,0.0005063070510782373,0.0008584199803125329,0.0008554178432706814,1.0294928363290805,756.0,42.0,1.0,exploration_sweep,exploration_3.00,0,768,18,0.98,default9,9,3.0,1.15,0.22,0.55,base,,,,,,,,,
uct_mcts,-27.12418788760415,-15.590627682770984,-16.236502622351136,0.6458749395801515,0.46482159190895805,0.6276464749172924,0.05364860969344988,0.13274670735009741,0.14455096172541645,0.4560322422018217,768.0,,,exploration_sweep,exploration_3.00,0,768,18,0.98,default9,9,3.0,1.15,0.22,0.55,base,,,46.0,47.0,0.4782608695652174,1.0,-28.726410308743358,,
static_rollout_pool,-21.80570468647983,-21.80570468647983,-21.98456300950945,0.17885832302961902,0.12165380271863876,0.4493640975345429,0.019002678270618967,0.06976586866132266,0.06886201547863492,0.8359754662200491,756.0,42.0,1.0,exploration_sweep,exploration_3.00,1,768,18,0.98,default9,9,3.0,1.15,0.22,0.55,base,,,,,,,,,
uct_mcts,-27.190255448384875,-30.935624125751136,-30.935624621877793,4.961266562020228e-07,2.4265648273866845e-07,0.3810809838200053,6.006483248485279e-08,1.3313939741700014e-07,1.331393947849619e-07,1.6875251400534714,768.0,,,exploration_sweep,exploration_3.00,1,768,18,0.98,default9,9,3.0,1.15,0.22,0.55,base,,,46.0,47.0,0.5217391304347826,1.0,-28.559902253637027,,
static_rollout_pool,-25.493039562007993,-25.493039562007993,-25.65360829715111,0.16056873514311576,0.139360263333766,0.461569980536874,0.024859233621044384,0.05472226654296507,0.05009801189289325,1.089228026924188,756.0,42.0,1.0,exploration_sweep,exploration_3.00,2,768,18,0.98,default9,9,3.0,1.15,0.22,0.55,base,,,,,,,,,
uct_mcts,-26.779101401876467,-13.882676573203659,-14.321173927735257,0.43849735453159866,0.3267909992705065,0.5545390751254444,0.0364101566984261,0.08963911246386698,0.09783172818156793,0.4049031858048676,768.0,,,exploration_sweep,exploration_3.00,2,768,18,0.98,default9,9,3.0,1.15,0.22,0.55,base,,,46.0,47.0,0.5652173913043478,1.0,-28.53980956040366,,
static_rollout_pool,-22.28106792462932,-22.28106792462932,-22.281261748823738,0.00019382419441882348,7.129687367903122e-05,0.3811227763888502,1.5028469815316615e-05,1.6473859644031936e-05,1.6472023528847518e-05,1.028526075736858,756.0,42.0,1.0,exploration_sweep,exploration_3.00,3,768,18,0.98,default9,9,3.0,1.15,0.22,0.55,base,,,,,,,,,
uct_mcts,-28.164115152220106,-24.629432322629256,-25.47461472343053,0.8451824008012743,0.45498767228416304,0.6635448546813205,0.10875372931953615,0.05806655677996004,0.028340456550776865,1.5570946510526427,768.0,,,exploration_sweep,exploration_3.00,3,768,18,0.98,default9,9,3.0,1.15,0.22,0.55,base,,,45.0,46.0,0.3333333333333333,1.0,-29.790465535835462,,
static_rollout_pool,-12.336674719355504,-12.336674719355504,-12.336675464035112,7.446796086441054e-07,5.860180271075406e-07,0.18654656942703252,1.2915399729615716e-07,2.1148177688575296e-07,2.1148147784101718e-07,1.4650459859863865,256.0,32.0,1.0,horizon_budget_sweep,h8_b256,0,256,8,0.98,default9,9,1.25,1.15,0.22,0.55,base,,,,,,,,,
uct_mcts,-13.40855824539817,-12.82480819200326,-12.824808723154765,5.311515050010485e-07,2.3618698910349992e-07,0.18654636477341263,5.757978500327364e-08,1.3313939741700014e-07,1.331393947849619e-07,1.6404914713728962,256.0,,,horizon_budget_sweep,h8_b256,0,256,8,0.98,default9,9,1.25,1.15,0.22,0.55,base,,,36.0,37.0,0.3611111111111111,1.0,-14.313149157931958,,
uncertainty_mcts_240,-13.902146277827681,-15.071687458603924,-15.071687856367053,3.9776312910078104e-07,1.79010185698973e-07,0.18654633097181894,4.52054769034933e-08,1.14037444690242e-07,1.1403744227892142e-07,1.762817181772686,256.0,,,horizon_budget_sweep,h8_b256,0,256,8,0.98,default9,9,1.25,1.15,0.22,0.55,base,,,36.0,37.0,0.3333333333333333,1.0,-14.814365992563719,,
static_rollout_pool,-11.924976570140183,-11.924976570140183,-11.926097856832335,0.001121286692152168,0.0010294789809398195,0.18714954143588902,0.00021234458009498935,0.0005483352189599071,0.0005478286703117562,1.3125213502384163,256.0,32.0,1.0,horizon_budget_sweep,h8_b256,1,256,8,0.98,default9,9,1.25,1.15,0.22,0.55,base,,,,,,,,,
uct_mcts,-13.452170440104622,-10.963241059086407,-10.9632672689549,2.620986849244389e-05,1.7699614663220347e-05,0.186556518005177,3.5097503242411287e-06,3.886702791495451e-06,3.886610242752041e-06,1.0197782207585644,256.0,,,horizon_budget_sweep,h8_b256,1,256,8,0.98,default9,9,1.25,1.15,0.22,0.55,base,,,36.0,37.0,0.3055555555555556,1.0,-14.592032844147475,,
uncertainty_mcts_240,-13.693132442512649,-14.648346712759132,-14.64834715784865,4.4508951901889304e-07,2.0559695367112993e-07,0.18654634632901862,5.026889662592072e-08,1.3313939741700014e-07,1.331393947849619e-07,1.6875251400534714,256.0,,,horizon_budget_sweep,h8_b256,1,256,8,0.98,default9,9,1.25,1.15,0.22,0.55,base,,,38.0,39.0,0.6578947368421053,1.0,-14.44836153962433,,
static_rollout_pool,-11.694563688981203,-11.694563688981203,-11.694569938975503,6.249994299878381e-06,4.639705589995142e-06,0.18654894632934305,9.689974887467813e-07,1.3520050427371946e-06,1.3519979987157959e-06,1.300832157310464,256.0,32.0,1.0,horizon_budget_sweep,h8_b256,2,256,8,0.98,default9,9,1.25,1.15,0.22,0.55,base,,,,,,,,,
uct_mcts,-10.605929658522054,-10.91035743344906,-10.917725546589182,0.007368113140122645,0.007056867414165196,0.19047142278602824,0.001050212884836513,0.004660885154064789,0.004655334862654035,0.8731938886669351,256.0,,,horizon_budget_sweep,h8_b256,2,256,8,0.98,default9,9,1.25,1.15,0.22,0.55,base,,,36.0,37.0,0.2222222222222222,1.0,-14.538035562576889,,
uncertainty_mcts_240,-14.193271842061819,-15.743293480693698,-15.743293488574345,7.880647245883665e-09,3.303198449859934e-09,0.18654622381369734,8.838494498298919e-10,1.7096392201257124e-09,1.7096392201257124e-09,1.879606303435595,256.0,,,horizon_budget_sweep,h8_b256,2,256,8,0.98,default9,9,1.25,1.15,0.22,0.55,base,,,37.0,38.0,0.5405405405405406,1.0,-14.807644885771971,,
static_rollout_pool,-11.776328193489794,-11.776328193489794,-11.776377509862382,4.931637258742683e-05,2.835213826792634e-05,0.1865630222643362,6.211064589361241e-06,1.647207110641778e-05,1.6472023528847518e-05,1.4234312653231604,768.0,96.0,1.0,horizon_budget_sweep,h8_b768,0,768,8,0.98,default9,9,1.25,1.15,0.22,0.55,base,,,,,,,,,
uct_mcts,-12.446573514982799,-10.382528628241296,-10.382642941987733,0.00011431374643677827,7.524643987944127e-05,0.1865897337756072,1.4421324564299142e-05,1.688302309093385e-05,1.6882001977354172e-05,0.9273724469812554,768.0,,,horizon_budget_sweep,h8_b768,0,768,8,0.98,default9,9,1.25,1.15,0.22,0.55,base,,,147.0,148.0,0.8231292517006803,1.0,-12.919309561916542,,
uncertainty_mcts_240,-12.73321787753378,-10.608599118904472,-10.66820983159837,0.05961071269389784,0.05841024259305138,0.21988662261389497,0.009892181904104177,0.04323305861759116,0.042907315728594284,1.0488182184821169,768.0,,,horizon_budget_sweep,h8_b768,0,768,8,0.98,default9,9,1.25,1.15,0.22,0.55,base,,,148.0,149.0,0.831081081081081,1.0,-13.171628443708261,,
static_rollout_pool,-11.391643545744312,-11.391643545744312,-11.421752993703528,0.030109447959215885,0.029309086871355812,0.20362420490815558,0.005626481699920124,0.021051531005715402,0.020912189006381098,1.2104407879563244,768.0,96.0,1.0,horizon_budget_sweep,h8_b768,1,768,8,0.98,default9,9,1.25,1.15,0.22,0.55,base,,,,,,,,,
uct_mcts,-12.654297714827447,-10.375414764994547,-10.376001632094608,0.0005868671000612835,0.0005594299647063395,0.18685537027736138,7.96826779712841e-05,0.00036433960375045304,0.000364288076147753,0.8217425106032241,768.0,,,horizon_budget_sweep,h8_b768,1,768,8,0.98,default9,9,1.25,1.15,0.22,0.55,base,,,142.0,143.0,0.823943661971831,1.0,-13.012134172780963,,
uncertainty_mcts_240,-12.013657710431628,-10.60799020244508,-10.60830151675338,0.00031131430830022566,0.00018979543750184346,0.18665702189669944,3.837732039087587e-05,8.890226720339453e-05,8.890034352100477e-05,0.9840040282884108,768.0,,,horizon_budget_sweep,h8_b768,1,768,8,0.98,default9,9,1.25,1.15,0.22,0.55,base,,,171.0,172.0,0.9005847953216374,1.0,-12.347486478025557,,
static_rollout_pool,-12.397961399671308,-12.397961399671308,-12.397962289630822,8.899595140832162e-07,6.923540331004693e-07,0.18654663162340787,1.508890333057444e-07,2.6984845287362665e-07,2.6984809014343985e-07,1.3462419825010379,768.0,96.0,1.0,horizon_budget_sweep,h8_b768,2,768,8,0.98,default9,9,1.25,1.15,0.22,0.55,base,,,,,,,,,
uct_mcts,-12.397541078166704,-10.21897169638536,-10.219953793542432,0.0009820971570722037,0.0006864521549079373,0.18693959412215497,0.0001246609357356401,0.00015858480132906403,0.0001584927419725573,0.8675506162599372,768.0,,,horizon_budget_sweep,h8_b768,2,768,8,0.98,default9,9,1.25,1.15,0.22,0.55,base,,,148.0,149.0,0.8175675675675675,1.0,-12.841774739750049,,
uncertainty_mcts_240,-12.707535575208,-12.01701461596601,-12.017046459170293,3.184320428317733e-05,1.7966820870278845e-05,0.1865567952111684,3.795988826288638e-06,1.1331769783096367e-05,1.1331739608155745e-05,1.371714561914144,768.0,,,horizon_budget_sweep,h8_b768,2,768,8,0.98,default9,9,1.25,1.15,0.22,0.55,base,,,151.0,152.0,0.847682119205298,1.0,-13.100671095121653,,
static_rollout_pool,-20.855251959162093,-20.855251959162093,-20.855756696539963,0.0005047373778701569,0.00045113951477463604,0.3813219892205028,4.865399156268833e-05,0.00041652419593305015,0.000416508461312541,0.6126413651993337,252.0,14.0,1.0,horizon_budget_sweep,h18_b256,0,256,18,0.98,default9,9,1.25,1.15,0.22,0.55,base,,,,,,,,,
uct_mcts,-25.088452095562815,-29.581861570594377,-29.583581443271758,0.0017198726773806072,0.0017103259252414622,0.3821373185964934,0.0004566741403788638,0.00023186700757656594,0.0002318672584930222,1.8681809334215997,256.0,,,horizon_budget_sweep,h18_b256,0,256,18,0.98,default9,9,1.25,1.15,0.22,0.55,base,,,15.0,16.0,0.4,1.0,-28.170036845642183,,
uncertainty_mcts_240,-26.33375758654879,-29.581861570594377,-29.583581443271758,0.0017198726773806072,0.0017103259252414622,0.3821373185964934,0.0004566741403788638,0.00023186700757656594,0.0002318672584930222,1.8681809334215997,256.0,,,horizon_budget_sweep,h18_b256,0,256,18,0.98,default9,9,1.25,1.15,0.22,0.55,base,,,15.0,16.0,0.4,1.0,-29.123276130888613,,
static_rollout_pool,-25.332961110976147,-25.332961110976147,-25.333736668574154,0.0007755575980077367,0.00030874243799337847,0.3812619265172312,6.404303238054143e-05,0.00016253658164632932,0.00016253015154718033,1.221407948738515,252.0,14.0,1.0,horizon_budget_sweep,h18_b256,1,256,18,0.98,default9,9,1.25,1.15,0.22,0.55,base,,,,,,,,,
uct_mcts,-24.33702412697624,-28.502118095589175,-28.502118109334486,1.3745310667445665e-08,4.440949539566084e-09,0.38108083916269503,1.1692692715583385e-09,1.8663627051774844e-10,1.8663626426666393e-10,1.8681809334215997,256.0,,,horizon_budget_sweep,h18_b256,1,256,18,0.98,default9,9,1.25,1.15,0.22,0.55,base,,,15.0,16.0,0.26666666666666666,1.0,-27.98707074575261,,
uncertainty_mcts_240,-25.056253312469646,-28.502118095589175,-28.502118109334486,1.3745310667445665e-08,4.440949539566084e-09,0.38108083916269503,1.1692692715583385e-09,1.8663627051774844e-10,1.8663626426666393e-10,1.8681809334215997,256.0,,,horizon_budget_sweep,h18_b256,1,256,18,0.98,default9,9,1.25,1.15,0.22,0.55,base,,,15.0,16.0,0.26666666666666666,1.0,-28.793841059930696,,
static_rollout_pool,-25.435838607580948,-25.435838607580948,-25.43587030906214,3.1701481191248604e-05,9.69979814064384e-06,0.3810866358679493,2.224087911915675e-06,2.6407559772321735e-06,2.6407071093870316e-06,1.4148512336364698,252.0,14.0,1.0,horizon_budget_sweep,h18_b256,2,256,18,0.98,default9,9,1.25,1.15,0.22,0.55,base,,,,,,,,,
uct_mcts,-25.116122972820822,-33.22015674566259,-33.22015674666429,1.0016947271651588e-09,2.937495320765038e-10,0.3810808366095624,7.736627218853336e-11,1.8663626426666393e-10,1.8663626426666393e-10,1.8681809334215997,256.0,,,horizon_budget_sweep,h18_b256,2,256,18,0.98,default9,9,1.25,1.15,0.22,0.55,base,,,15.0,16.0,0.26666666666666666,1.0,-28.851725795170985,,
uncertainty_mcts_240,-25.835170496911083,-33.22015674566259,-33.22015674666429,1.0016947271651588e-09,2.937495320765038e-10,0.3810808366095624,7.736627218853336e-11,1.8663626426666393e-10,1.8663626426666393e-10,1.8681809334215997,256.0,,,horizon_budget_sweep,h18_b256,2,256,18,0.98,default9,9,1.25,1.15,0.22,0.55,base,,,15.0,16.0,0.26666666666666666,1.0,-29.658423729095002,,
static_rollout_pool,-23.027482426099183,-23.027482426099183,-23.031580492846203,0.004098066747019402,0.0028988463664981453,0.38273195162217233,0.0005063070510782373,0.0008584199803125329,0.0008554178432706814,1.0294928363290805,756.0,42.0,1.0,horizon_budget_sweep,h18_b768,0,768,18,0.98,default9,9,1.25,1.15,0.22,0.55,base,,,,,,,,,
uct_mcts,-26.85797300162714,-26.25879601832545,-26.25879658481036,5.66484906983078e-07,2.1923615941009223e-07,0.38108097004061825,5.512297831562171e-08,1.1403744406115877e-07,1.1403744227892142e-07,1.6002287467761087,768.0,,,horizon_budget_sweep,h18_b768,0,768,18,0.98,default9,9,1.25,1.15,0.22,0.55,base,,,46.0,47.0,0.41304347826086957,1.0,-28.315361883430793,,
uncertainty_mcts_240,-27.486902113458683,-31.612341294693636,-31.612341968284124,6.735904882759769e-07,2.0559695367112993e-07,0.3810809609849594,5.026889662592072e-08,1.3313939741700014e-07,1.331393947849619e-07,1.6875251400534714,768.0,,,horizon_budget_sweep,h18_b768,0,768,18,0.98,default9,9,1.25,1.15,0.22,0.55,base,,,46.0,47.0,0.43478260869565216,1.0,-29.211335297977712,,
static_rollout_pool,-21.80570468647983,-21.80570468647983,-21.98456300950945,0.17885832302961902,0.12165380271863876,0.4493640975345429,0.019002678270618967,0.06976586866132266,0.06886201547863492,0.8359754662200491,756.0,42.0,1.0,horizon_budget_sweep,h18_b768,1,768,18,0.98,default9,9,1.25,1.15,0.22,0.55,base,,,,,,,,,
uct_mcts,-26.798965992062325,-30.935624125751136,-30.935624621877793,4.961266562020228e-07,2.4265648273866845e-07,0.3810809838200053,6.006483248485279e-08,1.3313939741700014e-07,1.331393947849619e-07,1.6875251400534714,768.0,,,horizon_budget_sweep,h18_b768,1,768,18,0.98,default9,9,1.25,1.15,0.22,0.55,base,,,47.0,48.0,0.7659574468085106,1.0,-27.72796797571883,,
uncertainty_mcts_240,-26.986134964354868,-19.309691873715817,-19.309693608082227,1.7343664104885193e-06,5.705080104904478e-07,0.38108117537482605,1.266809784963739e-07,1.3313939741700014e-07,1.331393947849619e-07,0.9881587089866142,768.0,,,horizon_budget_sweep,h18_b768,1,768,18,0.98,default9,9,1.25,1.15,0.22,0.55,base,,,47.0,48.0,0.7446808510638298,1.0,-28.176014593077536,,
static_rollout_pool,-25.493039562007993,-25.493039562007993,-25.65360829715111,0.16056873514311576,0.139360263333766,0.461569980536874,0.024859233621044384,0.05472226654296507,0.05009801189289325,1.089228026924188,756.0,42.0,1.0,horizon_budget_sweep,h18_b768,2,768,18,0.98,default9,9,1.25,1.15,0.22,0.55,base,,,,,,,,,
uct_mcts,-27.58163677211748,-26.854752060292213,-27.00802194628259,0.15326988599037605,0.06854597125789516,0.4229532502106224,0.017043013054080052,0.006372618579858618,0.006020389590141038,1.6701197561851664,768.0,,,horizon_budget_sweep,h18_b768,2,768,18,0.98,default9,9,1.25,1.15,0.22,0.55,base,,,46.0,47.0,0.45652173913043476,1.0,-29.100570929940808,,
uncertainty_mcts_240,-27.72913637335041,-18.019014668064525,-23.79147420543094,5.772459537366416,3.6553508905652645,2.599146123758746,0.6846630770093695,0.5606835515885704,0.15139165615606673,1.3971211899951637,768.0,,,horizon_budget_sweep,h18_b768,2,768,18,0.98,default9,9,1.25,1.15,0.22,0.55,base,,,46.0,47.0,0.41304347826086957,1.0,-29.801539725985002,,
static_rollout_pool,-28.83890387367609,-28.83890387367609,-28.984580526545255,0.1456766528691631,0.0717699915849128,0.5214109624262966,0.012542405237925599,0.03930318242921105,0.038787168610559676,0.9901571732735551,240.0,10.0,1.0,horizon_budget_sweep,h24_b256,0,256,24,0.98,default9,9,1.25,1.15,0.22,0.55,base,,,,,,,,,
uct_mcts,-29.45578586965744,-40.21454209605341,-40.214542096078134,2.4726887204451486e-11,6.16298794266699e-12,0.48027457936751633,1.7604586496443095e-12,1.9912677540663918e-13,1.991267753938048e-13,1.99972498109115,256.0,,,horizon_budget_sweep,h24_b256,0,256,24,0.98,default9,9,1.25,1.15,0.22,0.55,base,,,11.0,12.0,0.18181818181818182,1.0,-36.32258185612192,,
uncertainty_mcts_240,-30.4053138813329,-40.21454209605341,-40.214542096078134,2.4726887204451486e-11,6.16298794266699e-12,0.48027457936751633,1.7604586496443095e-12,1.9912677540663918e-13,1.991267753938048e-13,1.99972498109115,256.0,,,horizon_budget_sweep,h24_b256,0,256,24,0.98,default9,9,1.25,1.15,0.22,0.55,base,,,11.0,12.0,0.18181818181818182,1.0,-37.385699909385764,,
static_rollout_pool,-23.297367154192358,-23.297367154192358,-30.920675334029756,7.623308179837398,4.708878136159597,2.9925170077668373,0.6779435432251928,0.7218794808484043,0.33511982946812435,1.2188718686601843,240.0,10.0,1.0,horizon_budget_sweep,h24_b256,1,256,24,0.98,default9,9,1.25,1.15,0.22,0.55,base,,,,,,,,,
uct_mcts,-27.90339488276057,-33.32420098348669,-33.324200984261324,7.746336905256612e-10,3.248254204663085e-10,0.480274579563591,8.546027683676783e-11,1.8663626426666393e-10,1.8663626426666393e-10,1.6004805663607988,256.0,,,horizon_budget_sweep,h24_b256,1,256,24,0.98,default9,9,1.25,1.15,0.22,0.55,base,,,11.0,12.0,0.2727272727272727,1.0,-35.51248233250862,,
uncertainty_mcts_240,-30.45116670433342,-33.32420098348669,-33.324200984261324,7.746336905256612e-10,3.248254204663085e-10,0.480274579563591,8.546027683676783e-11,1.8663626426666393e-10,1.8663626426666393e-10,1.6004805663607988,256.0,,,horizon_budget_sweep,h24_b256,1,256,24,0.98,default9,9,1.25,1.15,0.22,0.55,base,,,11.0,12.0,0.2727272727272727,1.0,-37.071459207758714,,
static_rollout_pool,-29.20649773703766,-29.20649773703766,-29.818052515957092,0.6115547789194302,0.5552572107193877,0.8049577982849937,0.09772777629694238,0.2956103941495101,0.2726578426017554,1.0060039256695974,240.0,10.0,1.0,horizon_budget_sweep,h24_b256,2,256,24,0.98,default9,9,1.25,1.15,0.22,0.55,base,,,,,,,,,
uct_mcts,-27.634845993131332,-35.9145924591024,-35.91459248022503,2.1122630755598948e-08,5.5969101605243876e-09,0.4802745828092833,1.4736251573898843e-09,1.8663627272401246e-10,1.8663626426666393e-10,1.8681809334215997,256.0,,,horizon_budget_sweep,h24_b256,2,256,24,0.98,default9,9,1.25,1.15,0.22,0.55,base,,,11.0,12.0,0.2727272727272727,1.0,-36.23858063127649,,
uncertainty_mcts_240,-28.646328256854343,-35.9145924591024,-35.91459248022503,2.1122630755598948e-08,5.5969101605243876e-09,0.4802745828092833,1.4736251573898843e-09,1.8663627272401246e-10,1.8663626426666393e-10,1.8681809334215997,256.0,,,horizon_budget_sweep,h24_b256,2,256,24,0.98,default9,9,1.25,1.15,0.22,0.55,base,,,11.0,12.0,0.2727272727272727,1.0,-37.31016700885516,,
static_rollout_pool,-29.78828681152966,-29.78828681152966,-29.85485661780525,0.0665698062755915,0.018042672404070318,0.4906893582421291,0.003352532108874723,0.011427934675447938,0.011390024833700559,1.1660283366046373,768.0,32.0,1.0,horizon_budget_sweep,h24_b768,0,768,24,0.98,default9,9,1.25,1.15,0.22,0.55,base,,,,,,,,,
uct_mcts,-35.77341204099507,-16.774537792064514,-17.865208471193757,1.0906706791292429,0.7365213516939447,0.8703216924460603,0.0890439733580085,0.2134169274263983,0.24784665037814485,0.5007315069062811,768.0,,,horizon_budget_sweep,h24_b768,0,768,24,0.98,default9,9,1.25,1.15,0.22,0.55,base,,,34.0,35.0,0.5882352941176471,1.0,-37.32567109897495,,
uncertainty_mcts_240,-36.77982870297454,-41.379504256886776,-41.379504349783126,9.289635016784814e-08,2.302038662796967e-08,0.4802745934442352,5.8857634655852445e-09,1.3274822002696544e-08,1.327482179233308e-08,1.7786792853125601,768.0,,,horizon_budget_sweep,h24_b768,0,768,24,0.98,default9,9,1.25,1.15,0.22,0.55,base,,,34.0,35.0,0.5882352941176471,1.0,-38.54670046686547,,
static_rollout_pool,-23.401165520559577,-23.401165520559577,-23.590527875564835,0.1893623550052581,0.1377731018682816,0.5548847331222422,0.016976070549091456,0.03084304959076436,0.03113718072324561,0.6860976332012593,768.0,32.0,1.0,horizon_budget_sweep,h24_b768,1,768,24,0.98,default9,9,1.25,1.15,0.22,0.55,base,,,,,,,,,
uct_mcts,-33.785585352257435,-40.00043347951377,-40.000433543927755,6.441398880951965e-08,2.7062161166679484e-08,0.4802745959593765,7.001491716274337e-09,1.3274822002696544e-08,1.327482179233308e-08,1.7786792853125601,768.0,,,horizon_budget_sweep,h24_b768,1,768,24,0.98,default9,9,1.25,1.15,0.22,0.55,base,,,34.0,35.0,0.5882352941176471,1.0,-36.278615195247276,,
uncertainty_mcts_240,-28.54531722778302,-46.33700502632389,-46.337005026867075,5.431886052065238e-10,2.939303433535656e-10,0.4802745795446266,7.743175233539389e-11,1.8663626426666393e-10,1.8663626426666393e-10,1.8681809334215997,768.0,,,horizon_budget_sweep,h24_b768,1,768,24,0.98,default9,9,1.25,1.15,0.22,0.55,base,,,34.0,35.0,0.4411764705882353,1.0,-38.34131782280722,,
static_rollout_pool,-24.50305345627853,-24.50305345627853,-24.57030160449746,0.06724814821892977,0.03757308090950411,0.5008732594802616,0.005023318136560087,0.013879343692390482,0.013743640658255517,0.714200651378976,768.0,32.0,1.0,horizon_budget_sweep,h24_b768,2,768,24,0.98,default9,9,1.25,1.15,0.22,0.55,base,,,,,,,,,
uct_mcts,-28.722357913507473,-26.95106193931621,-26.951061941888813,2.572601687234055e-09,6.463305844647458e-10,0.48027457975050475,1.489977170035626e-10,1.3133141087647758e-10,1.313314106593117e-10,1.2139037832872448,768.0,,,horizon_budget_sweep,h24_b768,2,768,24,0.98,default9,9,1.25,1.15,0.22,0.55,base,,,34.0,35.0,0.5,1.0,-34.9797758666275,,
uncertainty_mcts_240,-34.32671694208539,-23.83555408703409,-23.835555388637417,1.3016033264534599e-06,3.7713389702043143e-07,0.4802748013099305,7.969093382446009e-08,7.942692583079979e-08,7.942687097991392e-08,0.9878052546548619,768.0,,,horizon_budget_sweep,h24_b768,2,768,24,0.98,default9,9,1.25,1.15,0.22,0.55,base,,,34.0,35.0,0.5882352941176471,1.0,-35.87300472306225,,
static_rollout_pool,-20.113846921626358,-20.113846921626358,-21.96264769981779,1.848800778191432,1.124987618367369,0.9927320664250435,0.15864778844622854,0.32939760193642614,0.4728547868606116,0.8702298546935745,756.0,42.0,1.0,action_library_sweep,cardinal4,0,768,18,0.98,cardinal4,4,1.25,1.15,0.22,0.55,base,,,,,,,,,
uct_mcts,-24.16720127206606,-16.154410382588217,-16.387883368392917,0.2334729858046991,0.1294194425785772,0.4541154312538161,0.02068998936539228,0.03450985687039921,0.03358771038329439,0.3080584360149872,768.0,,,action_library_sweep,cardinal4,0,768,18,0.98,cardinal4,4,1.25,1.15,0.22,0.55,base,,,58.0,59.0,0.8793103448275862,1.0,-24.925452205980335,,
uncertainty_mcts_240,-24.78681932794253,-22.766183371415107,-22.768055274332614,0.0018719029175073842,0.000835449764694127,0.38155661696106075,0.00014597980535332046,0.00026922342069722523,0.0002692039405460433,0.9426027795418386,768.0,,,action_library_sweep,cardinal4,0,768,18,0.98,cardinal4,4,1.25,1.15,0.22,0.55,base,,,58.0,59.0,0.8793103448275862,1.0,-25.56940320004386,,
static_rollout_pool,-24.672604852210686,-24.672604852210686,-24.70864599038337,0.03604113817268484,0.024687528498986824,0.39570941960755784,0.005300967538279271,0.008173239232780306,0.007842947992328396,1.3418271125595875,756.0,42.0,1.0,action_library_sweep,cardinal4,1,768,18,0.98,cardinal4,4,1.25,1.15,0.22,0.55,base,,,,,,,,,
uct_mcts,-27.37710489556924,-29.908542574784125,-29.908556674578346,1.4099794221067441e-05,4.5889680705459805e-06,0.38108359011240334,1.0713271061326387e-06,2.545472317214937e-06,2.545462114323989e-06,1.5591343752223537,768.0,,,action_library_sweep,cardinal4,1,768,18,0.98,cardinal4,4,1.25,1.15,0.22,0.55,base,,,50.0,51.0,0.84,1.0,-27.837073111337386,,
uncertainty_mcts_240,-25.30644615055577,-25.7699547375576,-25.779076376688916,0.009121639131315362,0.0035759891482190454,0.38316213538326727,0.0007063936870737912,0.0024674054985796873,0.002465981714637812,1.2758134659894447,768.0,,,action_library_sweep,cardinal4,1,768,18,0.98,cardinal4,4,1.25,1.15,0.22,0.55,base,,,54.0,55.0,0.8888888888888888,1.0,-25.93855194526233,,
static_rollout_pool,-21.78674821340273,-21.78674821340273,-21.79860819886664,0.011859985463907208,0.007381600803863676,0.38519273822790456,0.0011100301831879374,0.003668291379667629,0.003666671141732339,0.717007670809734,756.0,42.0,1.0,action_library_sweep,cardinal4,2,768,18,0.98,cardinal4,4,1.25,1.15,0.22,0.55,base,,,,,,,,,
uct_mcts,-24.891447328567413,-17.13444352796425,-17.13684999776907,0.0024064698048178457,0.0010968292955558009,0.381707452164538,0.00019545117059181728,0.00026934259930019204,0.0002692039405460433,0.6239390995922599,768.0,,,action_library_sweep,cardinal4,2,768,18,0.98,cardinal4,4,1.25,1.15,0.22,0.55,base,,,54.0,55.0,0.9074074074074074,1.0,-25.46885655590238,,
uncertainty_mcts_240,-24.950489371933447,-23.32489027204646,-23.32853444287266,0.0036441708261989447,0.0017205946817812846,0.3820673984917791,0.0003134730381464926,0.00026990027860892277,0.0002692039405460433,0.9426027795418386,768.0,,,action_library_sweep,cardinal4,2,768,18,0.98,cardinal4,4,1.25,1.15,0.22,0.55,base,,,56.0,57.0,0.9107142857142857,1.0,-25.57620884894885,,
static_rollout_pool,-23.027482426099183,-23.027482426099183,-23.031580492846203,0.004098066747019402,0.0028988463664981453,0.38273195162217233,0.0005063070510782373,0.0008584199803125329,0.0008554178432706814,1.0294928363290805,756.0,42.0,1.0,action_library_sweep,default9,0,768,18,0.98,default9,9,1.25,1.15,0.22,0.55,base,,,,,,,,,
uct_mcts,-26.85797300162714,-26.25879601832545,-26.25879658481036,5.66484906983078e-07,2.1923615941009223e-07,0.38108097004061825,5.512297831562171e-08,1.1403744406115877e-07,1.1403744227892142e-07,1.6002287467761087,768.0,,,action_library_sweep,default9,0,768,18,0.98,default9,9,1.25,1.15,0.22,0.55,base,,,46.0,47.0,0.41304347826086957,1.0,-28.315361883430793,,
uncertainty_mcts_240,-27.486902113458683,-31.612341294693636,-31.612341968284124,6.735904882759769e-07,2.0559695367112993e-07,0.3810809609849594,5.026889662592072e-08,1.3313939741700014e-07,1.331393947849619e-07,1.6875251400534714,768.0,,,action_library_sweep,default9,0,768,18,0.98,default9,9,1.25,1.15,0.22,0.55,base,,,46.0,47.0,0.43478260869565216,1.0,-29.211335297977712,,
static_rollout_pool,-21.80570468647983,-21.80570468647983,-21.98456300950945,0.17885832302961902,0.12165380271863876,0.4493640975345429,0.019002678270618967,0.06976586866132266,0.06886201547863492,0.8359754662200491,756.0,42.0,1.0,action_library_sweep,default9,1,768,18,0.98,default9,9,1.25,1.15,0.22,0.55,base,,,,,,,,,
uct_mcts,-26.798965992062325,-30.935624125751136,-30.935624621877793,4.961266562020228e-07,2.4265648273866845e-07,0.3810809838200053,6.006483248485279e-08,1.3313939741700014e-07,1.331393947849619e-07,1.6875251400534714,768.0,,,action_library_sweep,default9,1,768,18,0.98,default9,9,1.25,1.15,0.22,0.55,base,,,47.0,48.0,0.7659574468085106,1.0,-27.72796797571883,,
uncertainty_mcts_240,-26.986134964354868,-19.309691873715817,-19.309693608082227,1.7343664104885193e-06,5.705080104904478e-07,0.38108117537482605,1.266809784963739e-07,1.3313939741700014e-07,1.331393947849619e-07,0.9881587089866142,768.0,,,action_library_sweep,default9,1,768,18,0.98,default9,9,1.25,1.15,0.22,0.55,base,,,47.0,48.0,0.7446808510638298,1.0,-28.176014593077536,,
static_rollout_pool,-25.493039562007993,-25.493039562007993,-25.65360829715111,0.16056873514311576,0.139360263333766,0.461569980536874,0.024859233621044384,0.05472226654296507,0.05009801189289325,1.089228026924188,756.0,42.0,1.0,action_library_sweep,default9,2,768,18,0.98,default9,9,1.25,1.15,0.22,0.55,base,,,,,,,,,
uct_mcts,-27.58163677211748,-26.854752060292213,-27.00802194628259,0.15326988599037605,0.06854597125789516,0.4229532502106224,0.017043013054080052,0.006372618579858618,0.006020389590141038,1.6701197561851664,768.0,,,action_library_sweep,default9,2,768,18,0.98,default9,9,1.25,1.15,0.22,0.55,base,,,46.0,47.0,0.45652173913043476,1.0,-29.100570929940808,,
uncertainty_mcts_240,-27.72913637335041,-18.019014668064525,-23.79147420543094,5.772459537366416,3.6553508905652645,2.599146123758746,0.6846630770093695,0.5606835515885704,0.15139165615606673,1.3971211899951637,768.0,,,action_library_sweep,default9,2,768,18,0.98,default9,9,1.25,1.15,0.22,0.55,base,,,46.0,47.0,0.41304347826086957,1.0,-29.801539725985002,,
static_rollout_pool,-22.049007530973558,-22.049007530973558,-22.05763833659487,0.008630805621312021,0.00463240681210842,0.3837580864825634,0.0008828045726430765,0.0012446139161143305,0.001241880559646963,1.147438175572118,756.0,42.0,1.0,action_library_sweep,dense17,0,768,18,0.98,dense17,17,1.25,1.15,0.22,0.55,base,,,,,,,,,
uct_mcts,-24.05228698063219,-29.13698465853669,-29.13917958194166,0.002194923404971405,0.002183704964695302,0.3824309763411636,0.0005854972379131932,0.00021962234442306282,0.00021961976993799126,1.8160143706078682,768.0,,,action_library_sweep,dense17,0,768,18,0.98,dense17,17,1.25,1.15,0.22,0.55,base,,,45.0,46.0,0.2,1.0,-28.442303884992757,,
uncertainty_mcts_240,-25.87059400115364,-29.318183726483596,-29.320411094842505,0.002227368358909132,0.0022243938373817575,0.38245622073103985,0.0005965711667286632,0.00022849874839759636,0.00022849879516824851,1.8515390825790006,768.0,,,action_library_sweep,dense17,0,768,18,0.98,dense17,17,1.25,1.15,0.22,0.55,base,,,45.0,46.0,0.24444444444444444,1.0,-29.34071829785068,,
static_rollout_pool,-22.381683063680487,-22.381683063680487,-22.44273256308295,0.061049499402461294,0.043359539213379816,0.40549267907823006,0.006964919263340822,0.014910094711930031,0.014535335647683958,0.859730728977898,756.0,42.0,1.0,action_library_sweep,dense17,1,768,18,0.98,dense17,17,1.25,1.15,0.22,0.55,base,,,,,,,,,
uct_mcts,-23.437707778157176,-27.145664323481828,-27.145664323483746,1.9184653865522705e-12,8.306402867141713e-13,0.38108083642922663,2.315583082614921e-13,1.991267753938048e-13,1.991267753938048e-13,1.600604116821951,768.0,,,action_library_sweep,dense17,1,768,18,0.98,dense17,17,1.25,1.15,0.22,0.55,base,,,45.0,46.0,0.17777777777777778,1.0,-28.964471635659724,,
uncertainty_mcts_240,-19.074369533232982,-26.301306238614366,-26.301306238936,3.2163427476916695e-10,1.2251248467041814e-10,0.38108083650438185,3.2737476371836735e-11,2.76567625414039e-11,2.765676253386035e-11,1.600604116821951,768.0,,,action_library_sweep,dense17,1,768,18,0.98,dense17,17,1.25,1.15,0.22,0.55,base,,,45.0,46.0,0.2,1.0,-29.90564311451577,,
static_rollout_pool,-23.028491001749543,-23.028491001749543,-23.02939685316358,0.0009058514140356522,0.0005952151778325566,0.3814152245829084,9.523927118030351e-05,0.0003917389999014295,0.0003916399592062668,0.8152088617654847,756.0,42.0,1.0,action_library_sweep,dense17,2,768,18,0.98,dense17,17,1.25,1.15,0.22,0.55,base,,,,,,,,,
uct_mcts,-26.608016109123458,-34.09388394833537,-34.09388432156143,3.732260651645447e-07,1.8110815771067117e-07,0.3810809469412736,4.579990442979777e-08,1.140374446902424e-07,1.1403744227892142e-07,1.7628171817726859,768.0,,,action_library_sweep,dense17,2,768,18,0.98,dense17,17,1.25,1.15,0.22,0.55,base,,,45.0,46.0,0.5555555555555556,1.0,-28.23999164008357,,
uncertainty_mcts_240,-26.78233199616369,-30.935624125751136,-30.935624621877793,4.961266562020228e-07,2.42656482952096e-07,0.3810809838200053,6.006483248485279e-08,1.331393974170011e-07,1.331393947849619e-07,1.6875251400534714,768.0,,,action_library_sweep,dense17,2,768,18,0.98,dense17,17,1.25,1.15,0.22,0.55,base,,,45.0,46.0,0.4444444444444444,1.0,-28.939629783423406,,
static_rollout_pool,-23.027482426099183,-23.027482426099183,-23.031580492846203,0.004098066747019402,0.0028988463664981453,0.381587143479787,0.0005063070510782373,0.0008584199803125329,0.0008554178432706814,1.0294928363290805,756.0,42.0,1.0,uncertainty_calibration_stress,uncertainty_pocket_0.00,0,768,18,0.98,default9,9,1.25,1.15,0.22,0.0,base,,,,,,,,,
uct_mcts,-26.85797300162714,-26.25879601832545,-26.25879658481036,5.66484906983078e-07,2.1923615941009223e-07,0.381080891551687,5.512297831562171e-08,1.1403744406115877e-07,1.1403744227892142e-07,1.6002287467761087,768.0,,,uncertainty_calibration_stress,uncertainty_pocket_0.00,0,768,18,0.98,default9,9,1.25,1.15,0.22,0.0,base,,,46.0,47.0,0.41304347826086957,1.0,-28.315361883430793,,
uncertainty_mcts_240,-27.48640388636442,-31.612341294693636,-31.612341968284124,6.735904882759769e-07,2.0559695367112993e-07,0.3810808866976053,5.026889662592072e-08,1.3313939741700014e-07,1.331393947849619e-07,1.6875251400534714,768.0,,,uncertainty_calibration_stress,uncertainty_pocket_0.00,0,768,18,0.98,default9,9,1.25,1.15,0.22,0.0,base,,,46.0,47.0,0.43478260869565216,1.0,-29.198507144889998,,
conservative_mcts,-27.631076321194705,-31.612341294693636,-31.612341968284124,6.735904882759769e-07,2.0559695367112993e-07,0.3810808866976053,5.026889662592072e-08,1.3313939741700014e-07,1.331393947849619e-07,1.6875251400534714,768.0,,,uncertainty_calibration_stress,uncertainty_pocket_0.00,0,768,18,0.98,default9,9,1.25,1.15,0.22,0.0,base,,,46.0,47.0,0.43478260869565216,1.0,-29.318329947264353,,
static_rollout_pool,-21.80570468647983,-21.80570468647983,-21.98456300950945,0.17885832302961902,0.12165380271863876,0.4000835146993277,0.019002678270618967,0.06976586866132266,0.06886201547863492,0.8359754662200491,756.0,42.0,1.0,uncertainty_calibration_stress,uncertainty_pocket_0.00,1,768,18,0.98,default9,9,1.25,1.15,0.22,0.0,base,,,,,,,,,
uct_mcts,-26.798965992062325,-30.935624125751136,-30.935624621877793,4.961266562020228e-07,2.4265648273866845e-07,0.38108089649354115,6.006483248485279e-08,1.3313939741700014e-07,1.331393947849619e-07,1.6875251400534714,768.0,,,uncertainty_calibration_stress,uncertainty_pocket_0.00,1,768,18,0.98,default9,9,1.25,1.15,0.22,0.0,base,,,47.0,48.0,0.7659574468085106,1.0,-27.72796797571883,,
uncertainty_mcts_240,-26.973116833896494,-19.309691873715817,-19.309693608082227,1.7343664104885193e-06,5.705080104904478e-07,0.3810809631096872,1.266809784963739e-07,1.3313939741700014e-07,1.331393947849619e-07,0.9881587089866142,768.0,,,uncertainty_calibration_stress,uncertainty_pocket_0.00,1,768,18,0.98,default9,9,1.25,1.15,0.22,0.0,base,,,47.0,48.0,0.7446808510638298,1.0,-28.1663195391646,,
conservative_mcts,-27.151628908250093,-19.309691873715817,-19.309693608082227,1.7343664104885193e-06,5.705080104904478e-07,0.3810809631096872,1.266809784963739e-07,1.3313939741700014e-07,1.331393947849619e-07,0.9881587089866142,768.0,,,uncertainty_calibration_stress,uncertainty_pocket_0.00,1,768,18,0.98,default9,9,1.25,1.15,0.22,0.0,base,,,47.0,48.0,0.7446808510638298,1.0,-28.319577466946892,,
static_rollout_pool,-25.493039562007993,-25.493039562007993,-25.65360829715111,0.16056873514311576,0.139360263333766,0.4059400700497531,0.024859233621044384,0.05472226654296507,0.05009801189289325,1.089228026924188,756.0,42.0,1.0,uncertainty_calibration_stress,uncertainty_pocket_0.00,2,768,18,0.98,default9,9,1.25,1.15,0.22,0.0,base,,,,,,,,,
uct_mcts,-27.58163677211748,-26.854752060292213,-27.00802194628259,0.15326988599037605,0.06854597125789516,0.39812384948278884,0.017043013054080052,0.006372618579858618,0.006020389590141038,1.6701197561851664,768.0,,,uncertainty_calibration_stress,uncertainty_pocket_0.00,2,768,18,0.98,default9,9,1.25,1.15,0.22,0.0,base,,,46.0,47.0,0.45652173913043476,1.0,-29.100570929940808,,
uncertainty_mcts_240,-27.72690241537949,-18.019014668064525,-23.79147420543094,5.772459537366416,3.6553508905652645,1.0657439134380782,0.6846630770093695,0.5606835515885704,0.15139165615606673,1.3971211899951637,768.0,,,uncertainty_calibration_stress,uncertainty_pocket_0.00,2,768,18,0.98,default9,9,1.25,1.15,0.22,0.0,base,,,46.0,47.0,0.41304347826086957,1.0,-29.800468058219153,,
conservative_mcts,-27.785899841960575,-15.952992165455994,-22.43137947259759,6.478387307141597,3.721335450530602,0.9366560043285939,0.5555751678998853,0.8690740983799446,0.5765923076693966,1.1901680553602503,768.0,,,uncertainty_calibration_stress,uncertainty_pocket_0.00,2,768,18,0.98,default9,9,1.25,1.15,0.22,0.0,base,,,46.0,47.0,0.5,1.0,-29.610004658344486,,
static_rollout_pool,-22.28106792462932,-22.28106792462932,-22.281261748823738,0.00019382419441882348,7.129687367903122e-05,0.38109586489852404,1.5028469815316615e-05,1.6473859644031936e-05,1.6472023528847518e-05,1.028526075736858,756.0,42.0,1.0,uncertainty_calibration_stress,uncertainty_pocket_0.00,3,768,18,0.98,default9,9,1.25,1.15,0.22,0.0,base,,,,,,,,,
uct_mcts,-26.19317891452258,-25.928597690603205,-25.928605884053407,8.193450202753638e-06,2.888457258764398e-06,0.3810815414040559,7.049753472616801e-07,1.3314156742485717e-07,1.331393947849619e-07,1.6875251400534714,768.0,,,uncertainty_calibration_stress,uncertainty_pocket_0.00,3,768,18,0.98,default9,9,1.25,1.15,0.22,0.0,base,,,47.0,48.0,0.7021276595744681,1.0,-27.73528613780069,,
uncertainty_mcts_240,-28.999015949542407,-19.43465005653188,-19.434651125226278,1.0686943987536779e-06,3.725868110075189e-07,0.38108091481567574,7.838696707064879e-08,8.039781703703889e-08,8.039778023543715e-08,0.9881587089866142,768.0,,,uncertainty_calibration_stress,uncertainty_pocket_0.00,3,768,18,0.98,default9,9,1.25,1.15,0.22,0.0,base,,,46.0,47.0,0.5652173913043478,1.0,-30.139450891937788,,
conservative_mcts,-29.221283992678227,-26.879419253386036,-27.02170138775891,0.14228213437287351,0.06527512214190162,0.3973055821765664,0.016224745747857715,0.00653200181404142,0.006296264809564597,1.6716266024481015,768.0,,,uncertainty_calibration_stress,uncertainty_pocket_0.00,3,768,18,0.98,default9,9,1.25,1.15,0.22,0.0,base,,,46.0,47.0,0.5652173913043478,1.0,-30.306506745651216,,
static_rollout_pool,-23.027482426099183,-23.027482426099183,-23.031580492846203,0.004098066747019402,0.0028988463664981453,0.3818993638822557,0.0005063070510782373,0.0008584199803125329,0.0008554178432706814,1.0294928363290805,756.0,42.0,1.0,uncertainty_calibration_stress,uncertainty_pocket_0.15,0,768,18,0.98,default9,9,1.25,1.15,0.22,0.15,base,,,,,,,,,
uct_mcts,-26.85797300162714,-26.25879601832545,-26.25879658481036,5.66484906983078e-07,2.1923615941009223e-07,0.38108091295775914,5.512297831562171e-08,1.1403744406115877e-07,1.1403744227892142e-07,1.6002287467761087,768.0,,,uncertainty_calibration_stress,uncertainty_pocket_0.15,0,768,18,0.98,default9,9,1.25,1.15,0.22,0.15,base,,,46.0,47.0,0.41304347826086957,1.0,-28.315361883430793,,
uncertainty_mcts_240,-27.48653976648104,-31.612341294693636,-31.612341968284124,6.735904882759769e-07,2.0559695367112993e-07,0.38108090695779284,5.026889662592072e-08,1.3313939741700014e-07,1.331393947849619e-07,1.6875251400534714,768.0,,,uncertainty_calibration_stress,uncertainty_pocket_0.15,0,768,18,0.98,default9,9,1.25,1.15,0.22,0.15,base,,,46.0,47.0,0.43478260869565216,1.0,-29.202005732095746,,
conservative_mcts,-27.63121238808724,-31.612341294693636,-31.612341968284124,6.735904882759769e-07,2.0559695367112993e-07,0.38108090695779284,5.026889662592072e-08,1.3313939741700014e-07,1.331393947849619e-07,1.6875251400534714,768.0,,,uncertainty_calibration_stress,uncertainty_pocket_0.15,0,768,18,0.98,default9,9,1.25,1.15,0.22,0.15,base,,,46.0,47.0,0.43478260869565216,1.0,-29.321828617420273,,
static_rollout_pool,-21.80570468647983,-21.80570468647983,-21.98456300950945,0.17885832302961902,0.12165380271863876,0.4135236736543863,0.019002678270618967,0.06976586866132266,0.06886201547863492,0.8359754662200491,756.0,42.0,1.0,uncertainty_calibration_stress,uncertainty_pocket_0.15,1,768,18,0.98,default9,9,1.25,1.15,0.22,0.15,base,,,,,,,,,
uct_mcts,-26.798965992062325,-30.935624125751136,-30.935624621877793,4.961266562020228e-07,2.4265648273866845e-07,0.3810809203098496,6.006483248485279e-08,1.3313939741700014e-07,1.331393947849619e-07,1.6875251400534714,768.0,,,uncertainty_calibration_stress,uncertainty_pocket_0.15,1,768,18,0.98,default9,9,1.25,1.15,0.22,0.15,base,,,47.0,48.0,0.7659574468085106,1.0,-27.72796797571883,,
uncertainty_mcts_240,-26.976667233112412,-19.309691873715817,-19.309693608082227,1.7343664104885193e-06,5.705080104904478e-07,0.3810810210001796,1.266809784963739e-07,1.3313939741700014e-07,1.331393947849619e-07,0.9881587089866142,768.0,,,uncertainty_calibration_stress,uncertainty_pocket_0.15,1,768,18,0.98,default9,9,1.25,1.15,0.22,0.15,base,,,47.0,48.0,0.7446808510638298,1.0,-28.168963644777232,,
conservative_mcts,-27.15518049703149,-19.309691873715817,-19.309693608082227,1.7343664104885193e-06,5.705080104904478e-07,0.3810810210001796,1.266809784963739e-07,1.3313939741700014e-07,1.331393947849619e-07,0.9881587089866142,768.0,,,uncertainty_calibration_stress,uncertainty_pocket_0.15,1,768,18,0.98,default9,9,1.25,1.15,0.22,0.15,base,,,47.0,48.0,0.7446808510638298,1.0,-28.32222245843235,,
static_rollout_pool,-25.493039562007993,-25.493039562007993,-25.65360829715111,0.16056873514311576,0.139360263333766,0.4211118638189678,0.024859233621044384,0.05472226654296507,0.05009801189289325,1.089228026924188,756.0,42.0,1.0,uncertainty_calibration_stress,uncertainty_pocket_0.15,2,768,18,0.98,default9,9,1.25,1.15,0.22,0.15,base,,,,,,,,,
uct_mcts,-27.58163677211748,-26.854752060292213,-27.00802194628259,0.15326988599037605,0.06854597125789516,0.40489550422674336,0.017043013054080052,0.006372618579858618,0.006020389590141038,1.6701197561851664,768.0,,,uncertainty_calibration_stress,uncertainty_pocket_0.15,2,768,18,0.98,default9,9,1.25,1.15,0.22,0.15,base,,,46.0,47.0,0.45652173913043476,1.0,-29.100570929940808,,
uncertainty_mcts_240,-27.72751167664429,-18.019014668064525,-23.79147420543094,5.772459537366416,3.6553508905652645,1.4839445162528058,0.6846630770093695,0.5606835515885704,0.15139165615606673,1.3971211899951637,768.0,,,uncertainty_calibration_stress,uncertainty_pocket_0.15,2,768,18,0.98,default9,9,1.25,1.15,0.22,0.15,base,,,46.0,47.0,0.41304347826086957,1.0,-29.8007603312462,,
conservative_mcts,-27.63347690999686,-14.587511802384782,-15.017964776987364,0.43045297460258247,0.3229484436518605,0.4540000320573417,0.035981874715141096,0.08312578011473833,0.09657711866058423,0.4039939591716862,768.0,,,uncertainty_calibration_stress,uncertainty_pocket_0.15,2,768,18,0.98,default9,9,1.25,1.15,0.22,0.15,base,,,46.0,47.0,0.5,1.0,-29.533833732092013,,
static_rollout_pool,-22.28106792462932,-22.28106792462932,-22.281261748823738,0.00019382419441882348,7.129687367903122e-05,0.3811032043958857,1.5028469815316615e-05,1.6473859644031936e-05,1.6472023528847518e-05,1.028526075736858,756.0,42.0,1.0,uncertainty_calibration_stress,uncertainty_pocket_0.15,3,768,18,0.98,default9,9,1.25,1.15,0.22,0.15,base,,,,,,,,,
uct_mcts,-26.19317891452258,-25.928597690603205,-25.928605884053407,8.193450202753638e-06,2.888457258764398e-06,0.3810818262061327,7.049753472616801e-07,1.3314156742485717e-07,1.331393947849619e-07,1.6875251400534714,768.0,,,uncertainty_calibration_stress,uncertainty_pocket_0.15,3,768,18,0.98,default9,9,1.25,1.15,0.22,0.15,base,,,47.0,48.0,0.7021276595744681,1.0,-27.73528613780069,,
uncertainty_mcts_240,-28.9992436829175,-19.43465005653188,-19.434651125226278,1.0686943987536779e-06,3.725868110075189e-07,0.3810809531895723,7.838696707064879e-08,8.039781703703889e-08,8.039778023543715e-08,0.9881587089866142,768.0,,,uncertainty_calibration_stress,uncertainty_pocket_0.15,3,768,18,0.98,default9,9,1.25,1.15,0.22,0.15,base,,,46.0,47.0,0.5652173913043478,1.0,-30.13958920191206,,
conservative_mcts,-29.22256835840205,-26.879419253386036,-27.02170138775891,0.14228213437287351,0.06527512214190162,0.40375496352104584,0.016224745747857715,0.00653200181404142,0.006296264809564597,1.6716266024481015,768.0,,,uncertainty_calibration_stress,uncertainty_pocket_0.15,3,768,18,0.98,default9,9,1.25,1.15,0.22,0.15,base,,,46.0,47.0,0.5652173913043478,1.0,-30.307242283844438,,
static_rollout_pool,-23.027482426099183,-23.027482426099183,-23.031580492846203,0.004098066747019402,0.0028988463664981453,0.38273195162217233,0.0005063070510782373,0.0008584199803125329,0.0008554178432706814,1.0294928363290805,756.0,42.0,1.0,uncertainty_calibration_stress,uncertainty_pocket_0.55,0,768,18,0.98,default9,9,1.25,1.15,0.22,0.55,base,,,,,,,,,
uct_mcts,-26.85797300162714,-26.25879601832545,-26.25879658481036,5.66484906983078e-07,2.1923615941009223e-07,0.38108097004061825,5.512297831562171e-08,1.1403744406115877e-07,1.1403744227892142e-07,1.6002287467761087,768.0,,,uncertainty_calibration_stress,uncertainty_pocket_0.55,0,768,18,0.98,default9,9,1.25,1.15,0.22,0.55,base,,,46.0,47.0,0.41304347826086957,1.0,-28.315361883430793,,
uncertainty_mcts_240,-27.486902113458683,-31.612341294693636,-31.612341968284124,6.735904882759769e-07,2.0559695367112993e-07,0.3810809609849594,5.026889662592072e-08,1.3313939741700014e-07,1.331393947849619e-07,1.6875251400534714,768.0,,,uncertainty_calibration_stress,uncertainty_pocket_0.55,0,768,18,0.98,default9,9,1.25,1.15,0.22,0.55,base,,,46.0,47.0,0.43478260869565216,1.0,-29.211335297977712,,
conservative_mcts,-27.63157523313398,-31.612341294693636,-31.612341968284124,6.735904882759769e-07,2.0559695367112993e-07,0.3810809609849594,5.026889662592072e-08,1.3313939741700014e-07,1.331393947849619e-07,1.6875251400534714,768.0,,,uncertainty_calibration_stress,uncertainty_pocket_0.55,0,768,18,0.98,default9,9,1.25,1.15,0.22,0.55,base,,,46.0,47.0,0.43478260869565216,1.0,-29.331158404502716,,
static_rollout_pool,-21.80570468647983,-21.80570468647983,-21.98456300950945,0.17885832302961902,0.12165380271863876,0.4493640975345429,0.019002678270618967,0.06976586866132266,0.06886201547863492,0.8359754662200491,756.0,42.0,1.0,uncertainty_calibration_stress,uncertainty_pocket_0.55,1,768,18,0.98,default9,9,1.25,1.15,0.22,0.55,base,,,,,,,,,
uct_mcts,-26.798965992062325,-30.935624125751136,-30.935624621877793,4.961266562020228e-07,2.4265648273866845e-07,0.3810809838200053,6.006483248485279e-08,1.3313939741700014e-07,1.331393947849619e-07,1.6875251400534714,768.0,,,uncertainty_calibration_stress,uncertainty_pocket_0.55,1,768,18,0.98,default9,9,1.25,1.15,0.22,0.55,base,,,47.0,48.0,0.7659574468085106,1.0,-27.72796797571883,,
uncertainty_mcts_240,-26.986134964354868,-19.309691873715817,-19.309693608082227,1.7343664104885193e-06,5.705080104904478e-07,0.38108117537482605,1.266809784963739e-07,1.3313939741700014e-07,1.331393947849619e-07,0.9881587089866142,768.0,,,uncertainty_calibration_stress,uncertainty_pocket_0.55,1,768,18,0.98,default9,9,1.25,1.15,0.22,0.55,base,,,47.0,48.0,0.7446808510638298,1.0,-28.176014593077536,,
conservative_mcts,-27.164651400448534,-19.309691873715817,-19.309693608082227,1.7343664104885193e-06,5.705080104904478e-07,0.38108117537482605,1.266809784963739e-07,1.3313939741700014e-07,1.331393947849619e-07,0.9881587089866142,768.0,,,uncertainty_calibration_stress,uncertainty_pocket_0.55,1,768,18,0.98,default9,9,1.25,1.15,0.22,0.55,base,,,47.0,48.0,0.7446808510638298,1.0,-28.329275769060253,,
static_rollout_pool,-25.493039562007993,-25.493039562007993,-25.65360829715111,0.16056873514311576,0.139360263333766,0.461569980536874,0.024859233621044384,0.05472226654296507,0.05009801189289325,1.089228026924188,756.0,42.0,1.0,uncertainty_calibration_stress,uncertainty_pocket_0.55,2,768,18,0.98,default9,9,1.25,1.15,0.22,0.55,base,,,,,,,,,
uct_mcts,-27.58163677211748,-26.854752060292213,-27.00802194628259,0.15326988599037605,0.06854597125789516,0.4229532502106224,0.017043013054080052,0.006372618579858618,0.006020389590141038,1.6701197561851664,768.0,,,uncertainty_calibration_stress,uncertainty_pocket_0.55,2,768,18,0.98,default9,9,1.25,1.15,0.22,0.55,base,,,46.0,47.0,0.45652173913043476,1.0,-29.100570929940808,,
uncertainty_mcts_240,-27.72913637335041,-18.019014668064525,-23.79147420543094,5.772459537366416,3.6553508905652645,2.599146123758746,0.6846630770093695,0.5606835515885704,0.15139165615606673,1.3971211899951637,768.0,,,uncertainty_calibration_stress,uncertainty_pocket_0.55,2,768,18,0.98,default9,9,1.25,1.15,0.22,0.55,base,,,46.0,47.0,0.41304347826086957,1.0,-29.801539725985002,,
conservative_mcts,-27.644186499488594,-14.587511802384782,-15.017964776987364,0.43045297460258247,0.3229484436518605,0.5524995544933197,0.035981874715141096,0.08312578011473833,0.09657711866058423,0.4039939591716862,768.0,,,uncertainty_calibration_stress,uncertainty_pocket_0.55,2,768,18,0.98,default9,9,1.25,1.15,0.22,0.55,base,,,46.0,47.0,0.5,1.0,-29.53929663278286,,
static_rollout_pool,-22.28106792462932,-22.28106792462932,-22.281261748823738,0.00019382419441882348,7.129687367903122e-05,0.3811227763888502,1.5028469815316615e-05,1.6473859644031936e-05,1.6472023528847518e-05,1.028526075736858,756.0,42.0,1.0,uncertainty_calibration_stress,uncertainty_pocket_0.55,3,768,18,0.98,default9,9,1.25,1.15,0.22,0.55,base,,,,,,,,,
uct_mcts,-26.19317891452258,-25.928597690603205,-25.928605884053407,8.193450202753638e-06,2.888457258764398e-06,0.3810825856783371,7.049753472616801e-07,1.3314156742485717e-07,1.331393947849619e-07,1.6875251400534714,768.0,,,uncertainty_calibration_stress,uncertainty_pocket_0.55,3,768,18,0.98,default9,9,1.25,1.15,0.22,0.55,base,,,47.0,48.0,0.7021276595744681,1.0,-27.73528613780069,,
uncertainty_mcts_240,-28.999850971917706,-19.43465005653188,-19.434651125226278,1.0686943987536779e-06,3.725868110075189e-07,0.381081055519963,7.838696707064879e-08,8.039781703703889e-08,8.039778023543715e-08,0.9881587089866142,768.0,,,uncertainty_calibration_stress,uncertainty_pocket_0.55,3,768,18,0.98,default9,9,1.25,1.15,0.22,0.55,base,,,46.0,47.0,0.5652173913043478,1.0,-30.139958028510087,,
conservative_mcts,-29.22599333366558,-26.879419253386036,-27.02170138775891,0.14228213437287351,0.06527512214190162,0.4209533137729909,0.016224745747857715,0.00653200181404142,0.006296264809564597,1.6716266024481015,768.0,,,uncertainty_calibration_stress,uncertainty_pocket_0.55,3,768,18,0.98,default9,9,1.25,1.15,0.22,0.55,base,,,46.0,47.0,0.5652173913043478,1.0,-30.309203719026353,,
static_rollout_pool,-23.027482426099183,-23.027482426099183,-23.031580492846203,0.004098066747019402,0.0028988463664981453,0.38387675976455776,0.0005063070510782373,0.0008584199803125329,0.0008554178432706814,1.0294928363290805,756.0,42.0,1.0,uncertainty_calibration_stress,uncertainty_pocket_1.10,0,768,18,0.98,default9,9,1.25,1.15,0.22,1.1,base,,,,,,,,,
uct_mcts,-26.85797300162714,-26.25879601832545,-26.25879658481036,5.66484906983078e-07,2.1923615941009223e-07,0.3810810485295495,5.512297831562171e-08,1.1403744406115877e-07,1.1403744227892142e-07,1.6002287467761087,768.0,,,uncertainty_calibration_stress,uncertainty_pocket_1.10,0,768,18,0.98,default9,9,1.25,1.15,0.22,1.1,base,,,46.0,47.0,0.41304347826086957,1.0,-28.315361883430793,,
uncertainty_mcts_240,-27.48740034055295,-31.612341294693636,-31.612341968284124,6.735904882759769e-07,2.0559695367112993e-07,0.38108103527231346,5.026889662592072e-08,1.3313939741700014e-07,1.331393947849619e-07,1.6875251400534714,768.0,,,uncertainty_calibration_stress,uncertainty_pocket_1.10,0,768,18,0.98,default9,9,1.25,1.15,0.22,1.1,base,,,46.0,47.0,0.43478260869565216,1.0,-29.22416345106544,,
conservative_mcts,-27.63207414507327,-31.612341294693636,-31.612341968284124,6.735904882759769e-07,2.0559695367112993e-07,0.38108103527231346,5.026889662592072e-08,1.3313939741700014e-07,1.331393947849619e-07,1.6875251400534714,768.0,,,uncertainty_calibration_stress,uncertainty_pocket_1.10,0,768,18,0.98,default9,9,1.25,1.15,0.22,1.1,base,,,46.0,47.0,0.43478260869565216,1.0,-29.343986861741076,,
static_rollout_pool,-21.80570468647983,-21.80570468647983,-21.98456300950945,0.17885832302961902,0.12165380271863876,0.49864468036975784,0.019002678270618967,0.06976586866132266,0.06886201547863492,0.8359754662200491,756.0,42.0,1.0,uncertainty_calibration_stress,uncertainty_pocket_1.10,1,768,18,0.98,default9,9,1.25,1.15,0.22,1.1,base,,,,,,,,,
uct_mcts,-26.798965992062325,-30.935624125751136,-30.935624621877793,4.961266562020228e-07,2.4265648273866845e-07,0.3810810711464692,6.006483248485279e-08,1.3313939741700014e-07,1.331393947849619e-07,1.6875251400534714,768.0,,,uncertainty_calibration_stress,uncertainty_pocket_1.10,1,768,18,0.98,default9,9,1.25,1.15,0.22,1.1,base,,,47.0,48.0,0.7659574468085106,1.0,-27.72796797571883,,
uncertainty_mcts_240,-26.831279939950477,-23.898024617804285,-23.898255655767763,0.0002310379634771209,8.862171718424169e-05,0.3811664792898013,2.009623862772362e-05,4.4836102965467655e-06,4.481875082112487e-06,1.5326322610035104,768.0,,,uncertainty_calibration_stress,uncertainty_pocket_1.10,1,768,18,0.98,default9,9,1.25,1.15,0.22,1.1,base,,,47.0,48.0,0.7446808510638298,1.0,-28.0606977231565,,
conservative_mcts,-26.93010429940548,-16.033112368243806,-23.07836548204405,7.045253113800243,3.9747351230982364,4.353946878535602,0.6905064804503852,0.711855504895995,0.2479072592192696,1.3311722861523225,768.0,,,uncertainty_calibration_stress,uncertainty_pocket_1.10,1,768,18,0.98,default9,9,1.25,1.15,0.22,1.1,base,,,47.0,48.0,0.7446808510638298,1.0,-28.15461373578105,,
static_rollout_pool,-25.493039562007993,-25.493039562007993,-25.65360829715111,0.16056873514311576,0.139360263333766,0.5171998910239949,0.024859233621044384,0.05472226654296507,0.05009801189289325,1.089228026924188,756.0,42.0,1.0,uncertainty_calibration_stress,uncertainty_pocket_1.10,2,768,18,0.98,default9,9,1.25,1.15,0.22,1.1,base,,,,,,,,,
uct_mcts,-27.58163677211748,-26.854752060292213,-27.00802194628259,0.15326988599037605,0.06854597125789516,0.44778265093845604,0.017043013054080052,0.006372618579858618,0.006020389590141038,1.6701197561851664,768.0,,,uncertainty_calibration_stress,uncertainty_pocket_1.10,2,768,18,0.98,default9,9,1.25,1.15,0.22,1.1,base,,,46.0,47.0,0.45652173913043476,1.0,-29.100570929940808,,
uncertainty_mcts_240,-27.731370331321326,-18.019014668064525,-23.79147420543094,5.772459537366416,3.6553508905652645,4.132548334079415,0.6846630770093695,0.5606835515885704,0.15139165615606673,1.3971211899951637,768.0,,,uncertainty_calibration_stress,uncertainty_pocket_1.10,2,768,18,0.98,default9,9,1.25,1.15,0.22,1.1,base,,,46.0,47.0,0.41304347826086957,1.0,-29.80261139375087,,
conservative_mcts,-27.658912185039704,-14.587511802384782,-15.017964776987364,0.43045297460258247,0.3229484436518605,0.6879363978427896,0.035981874715141096,0.08312578011473833,0.09657711866058423,0.4039939591716862,768.0,,,uncertainty_calibration_stress,uncertainty_pocket_1.10,2,768,18,0.98,default9,9,1.25,1.15,0.22,1.1,base,,,46.0,47.0,0.5,1.0,-29.546808121232807,,
static_rollout_pool,-22.28106792462932,-22.28106792462932,-22.281261748823738,0.00019382419441882348,7.129687367903122e-05,0.38114968787917647,1.5028469815316615e-05,1.6473859644031936e-05,1.6472023528847518e-05,1.028526075736858,756.0,42.0,1.0,uncertainty_calibration_stress,uncertainty_pocket_1.10,3,768,18,0.98,default9,9,1.25,1.15,0.22,1.1,base,,,,,,,,,
uct_mcts,-26.19317891452258,-25.928597690603205,-25.928605884053407,8.193450202753638e-06,2.888457258764398e-06,0.3810836299526182,7.049753472616801e-07,1.3314156742485717e-07,1.331393947849619e-07,1.6875251400534714,768.0,,,uncertainty_calibration_stress,uncertainty_pocket_1.10,3,768,18,0.98,default9,9,1.25,1.15,0.22,1.1,base,,,47.0,48.0,0.7021276595744681,1.0,-27.73528613780069,,
uncertainty_mcts_240,-29.000685994293004,-19.43465005653188,-19.434651125226278,1.0686943987536779e-06,3.725868110075189e-07,0.3810811962242504,7.838696707064879e-08,8.039781703703889e-08,8.039778023543715e-08,0.9881587089866142,768.0,,,uncertainty_calibration_stress,uncertainty_pocket_1.10,3,768,18,0.98,default9,9,1.25,1.15,0.22,1.1,base,,,46.0,47.0,0.5652173913043478,1.0,-30.14046516508236,,
conservative_mcts,-29.230702674652946,-26.879419253386036,-27.02170138775891,0.14228213437287351,0.06527512214190162,0.44460104536941564,0.016224745747857715,0.00653200181404142,0.006296264809564597,1.6716266024481015,768.0,,,uncertainty_calibration_stress,uncertainty_pocket_1.10,3,768,18,0.98,default9,9,1.25,1.15,0.22,1.1,base,,,46.0,47.0,0.5652173913043478,1.0,-30.31190069240149,,
static_rollout_pool,-23.029191029775745,-23.029191029775745,-23.031580492846203,0.0023894630704575093,0.002389463070461735,0.38222362311458163,0.0,0.0008554178432706814,0.0008554178432706814,1.0294928363290805,756.0,42.0,1.0,dynamics_drift_stress,dynamics_bias_0.00,0,768,18,0.98,default9,9,1.25,1.15,0.0,0.55,base,,,,,,,,,
uct_mcts,-26.865461296608846,-26.25879642069717,-26.25879658481036,1.641131888163727e-07,1.641131861051354e-07,0.38108091491762397,0.0,1.1403744227892142e-07,1.1403744227892142e-07,1.6002287467761087,768.0,,,dynamics_drift_stress,dynamics_bias_0.00,0,768,18,0.98,default9,9,1.25,1.15,0.0,0.55,base,,,46.0,47.0,0.41304347826086957,1.0,-28.321154235674413,,
uncertainty_mcts_240,-27.48724981929185,-31.61234181295603,-31.612341968284124,1.553280952748537e-07,1.553280975916588e-07,0.38108091071605993,0.0,1.331393947849619e-07,1.331393947849619e-07,1.6875251400534714,768.0,,,dynamics_drift_stress,dynamics_bias_0.00,0,768,18,0.98,default9,9,1.25,1.15,0.0,0.55,base,,,46.0,47.0,0.43478260869565216,1.0,-29.211297425454116,,
static_rollout_pool,-21.88273054610376,-21.88273054610376,-21.98456300950945,0.10183246340569241,0.10183246340569664,0.42978331892708516,0.0,0.06886201547863492,0.06886201547863492,0.8359754662200491,756.0,42.0,1.0,dynamics_drift_stress,dynamics_bias_0.00,1,768,18,0.98,default9,9,1.25,1.15,0.0,0.55,base,,,,,,,,,
uct_mcts,-26.9024933409009,-19.0558578123259,-19.055862625396788,4.813070887621507e-06,4.813070891168972e-06,0.3810831383321784,0.0,1.303170420055937e-06,1.303170420055937e-06,0.8765254280650795,768.0,,,dynamics_drift_stress,dynamics_bias_0.00,1,768,18,0.98,default9,9,1.25,1.15,0.0,0.55,base,,,47.0,48.0,0.7659574468085106,1.0,-27.80726742200664,,
uncertainty_mcts_240,-26.788326360551086,-23.898187142260753,-23.898255655767763,6.851350700998182e-05,6.851350701126228e-05,0.3811136037581491,0.0,4.481875082112487e-06,4.481875082112487e-06,1.5326322610035104,768.0,,,dynamics_drift_stress,dynamics_bias_0.00,1,768,18,0.98,default9,9,1.25,1.15,0.0,0.55,base,,,47.0,48.0,0.7446808510638298,1.0,-28.028711769422927,,
static_rollout_pool,-25.54293148113522,-25.54293148113522,-25.65360829715111,0.1106768160158893,0.11067681601588425,0.43401322669717535,0.0,0.05009801189289325,0.05009801189289325,1.089228026924188,756.0,42.0,1.0,dynamics_drift_stress,dynamics_bias_0.00,2,768,18,0.98,default9,9,1.25,1.15,0.0,0.55,base,,,,,,,,,
uct_mcts,-27.618227269012383,-26.962286420898987,-27.00802194628259,0.04573552538360204,0.0457355253836053,0.40295434856869394,0.0,0.006020389590141038,0.006020389590141038,1.6701197561851664,768.0,,,dynamics_drift_stress,dynamics_bias_0.00,2,768,18,0.98,default9,9,1.25,1.15,0.0,0.55,base,,,46.0,47.0,0.45652173913043476,1.0,-29.117351964842026,,
uncertainty_mcts_240,-27.730089776136094,-22.804724667825624,-23.79147420543094,0.9867495376053164,0.9867495376053164,0.8530045283269031,0.0,0.15139165615606673,0.15139165615606673,1.3971211899951637,768.0,,,dynamics_drift_stress,dynamics_bias_0.00,2,768,18,0.98,default9,9,1.25,1.15,0.0,0.55,base,,,46.0,47.0,0.41304347826086957,1.0,-29.80193505903128,,
static_rollout_pool,-23.027482426099183,-23.027482426099183,-23.031580492846203,0.004098066747019402,0.0028988463664981453,0.38273195162217233,0.0005063070510782373,0.0008584199803125329,0.0008554178432706814,1.0294928363290805,756.0,42.0,1.0,dynamics_drift_stress,dynamics_bias_0.22,0,768,18,0.98,default9,9,1.25,1.15,0.22,0.55,base,,,,,,,,,
uct_mcts,-26.85797300162714,-26.25879601832545,-26.25879658481036,5.66484906983078e-07,2.1923615941009223e-07,0.38108097004061825,5.512297831562171e-08,1.1403744406115877e-07,1.1403744227892142e-07,1.6002287467761087,768.0,,,dynamics_drift_stress,dynamics_bias_0.22,0,768,18,0.98,default9,9,1.25,1.15,0.22,0.55,base,,,46.0,47.0,0.41304347826086957,1.0,-28.315361883430793,,
uncertainty_mcts_240,-27.486902113458683,-31.612341294693636,-31.612341968284124,6.735904882759769e-07,2.0559695367112993e-07,0.3810809609849594,5.026889662592072e-08,1.3313939741700014e-07,1.331393947849619e-07,1.6875251400534714,768.0,,,dynamics_drift_stress,dynamics_bias_0.22,0,768,18,0.98,default9,9,1.25,1.15,0.22,0.55,base,,,46.0,47.0,0.43478260869565216,1.0,-29.211335297977712,,
static_rollout_pool,-21.80570468647983,-21.80570468647983,-21.98456300950945,0.17885832302961902,0.12165380271863876,0.4493640975345429,0.019002678270618967,0.06976586866132266,0.06886201547863492,0.8359754662200491,756.0,42.0,1.0,dynamics_drift_stress,dynamics_bias_0.22,1,768,18,0.98,default9,9,1.25,1.15,0.22,0.55,base,,,,,,,,,
uct_mcts,-26.798965992062325,-30.935624125751136,-30.935624621877793,4.961266562020228e-07,2.4265648273866845e-07,0.3810809838200053,6.006483248485279e-08,1.3313939741700014e-07,1.331393947849619e-07,1.6875251400534714,768.0,,,dynamics_drift_stress,dynamics_bias_0.22,1,768,18,0.98,default9,9,1.25,1.15,0.22,0.55,base,,,47.0,48.0,0.7659574468085106,1.0,-27.72796797571883,,
uncertainty_mcts_240,-26.986134964354868,-19.309691873715817,-19.309693608082227,1.7343664104885193e-06,5.705080104904478e-07,0.38108117537482605,1.266809784963739e-07,1.3313939741700014e-07,1.331393947849619e-07,0.9881587089866142,768.0,,,dynamics_drift_stress,dynamics_bias_0.22,1,768,18,0.98,default9,9,1.25,1.15,0.22,0.55,base,,,47.0,48.0,0.7446808510638298,1.0,-28.176014593077536,,
static_rollout_pool,-25.493039562007993,-25.493039562007993,-25.65360829715111,0.16056873514311576,0.139360263333766,0.461569980536874,0.024859233621044384,0.05472226654296507,0.05009801189289325,1.089228026924188,756.0,42.0,1.0,dynamics_drift_stress,dynamics_bias_0.22,2,768,18,0.98,default9,9,1.25,1.15,0.22,0.55,base,,,,,,,,,
uct_mcts,-27.58163677211748,-26.854752060292213,-27.00802194628259,0.15326988599037605,0.06854597125789516,0.4229532502106224,0.017043013054080052,0.006372618579858618,0.006020389590141038,1.6701197561851664,768.0,,,dynamics_drift_stress,dynamics_bias_0.22,2,768,18,0.98,default9,9,1.25,1.15,0.22,0.55,base,,,46.0,47.0,0.45652173913043476,1.0,-29.100570929940808,,
uncertainty_mcts_240,-27.72913637335041,-18.019014668064525,-23.79147420543094,5.772459537366416,3.6553508905652645,2.599146123758746,0.6846630770093695,0.5606835515885704,0.15139165615606673,1.3971211899951637,768.0,,,dynamics_drift_stress,dynamics_bias_0.22,2,768,18,0.98,default9,9,1.25,1.15,0.22,0.55,base,,,46.0,47.0,0.41304347826086957,1.0,-29.801539725985002,,
static_rollout_pool,-23.026393490494872,-23.026393490494872,-23.031580492846203,0.0051870023513309604,0.0032237766259011658,0.383056210791299,0.0008292766460888539,0.0008603368435486258,0.0008554178432706814,1.0294928363290805,756.0,42.0,1.0,dynamics_drift_stress,dynamics_bias_0.36,0,768,18,0.98,default9,9,1.25,1.15,0.36,0.55,base,,,,,,,,,
uct_mcts,-26.852800652965954,-26.258795762270644,-26.25879658481036,8.225397145622537e-07,2.543144250094693e-07,0.3810810051188982,9.020124802563159e-08,1.1403744519530972e-07,1.1403744227892142e-07,1.6002287467761087,768.0,,,dynamics_drift_stress,dynamics_bias_0.36,0,768,18,0.98,default9,9,1.25,1.15,0.36,0.55,base,,,46.0,47.0,0.41304347826086957,1.0,-28.311378157903135,,
uncertainty_mcts_240,-27.48668045381317,-31.612340964890286,-31.612341968284124,1.003393837351041e-06,2.3758622718557708e-07,0.38108099297426096,8.22581963880662e-08,1.331393990919339e-07,1.331393947849619e-07,1.6875251400534714,768.0,,,dynamics_drift_stress,dynamics_bias_0.36,0,768,18,0.98,default9,9,1.25,1.15,0.36,0.55,base,,,46.0,47.0,0.43478260869565216,1.0,-29.215899221883685,,
static_rollout_pool,-21.756332922450234,-21.756332922450234,-21.98456300950945,0.22823008705921666,0.13427574462341355,0.46181071308519256,0.031131790987193545,0.07032072505104049,0.06886201547863492,0.8359754662200491,756.0,42.0,1.0,dynamics_drift_stress,dynamics_bias_0.36,1,768,18,0.98,default9,9,1.25,1.15,0.36,0.55,base,,,,,,,,,
uct_mcts,-26.779124952550962,-30.93562392622881,-30.935624621877793,6.956489819742728e-07,2.808795690685529e-07,0.3810810220431061,9.828792207111667e-08,1.331393990919339e-07,1.331393947849619e-07,1.6875251400534714,768.0,,,dynamics_drift_stress,dynamics_bias_0.36,1,768,18,0.98,default9,9,1.25,1.15,0.36,0.55,base,,,47.0,48.0,0.7659574468085106,1.0,-27.71276937302993,,
uncertainty_mcts_240,-26.9806227581461,-19.309691052462412,-19.309693608082227,2.5556198153253717e-06,6.511234445076801e-07,0.3810812559901927,2.072962382919756e-07,1.331393990919339e-07,1.331393947849619e-07,0.9881587089866142,768.0,,,dynamics_drift_stress,dynamics_bias_0.36,1,768,18,0.98,default9,9,1.25,1.15,0.36,0.55,base,,,47.0,48.0,0.7446808510638298,1.0,-28.171908832233395,,
static_rollout_pool,-25.459991338598304,-25.459991338598304,-25.65360829715111,0.19361695855280558,0.1585462240983682,0.4800441541915477,0.041604035960505756,0.05769017805595327,0.05009801189289325,1.089228026924188,756.0,42.0,1.0,dynamics_drift_stress,dynamics_bias_0.36,2,768,18,0.98,default9,9,1.25,1.15,0.36,0.55,base,,,,,,,,,
uct_mcts,-27.628866528701266,-26.77500700360963,-27.00802194628259,0.23301494267295908,0.08687398494651322,0.43897567398281134,0.030579970059022257,0.006612590873099467,0.006020389590141038,1.6701197561851664,768.0,,,dynamics_drift_stress,dynamics_bias_0.36,2,768,18,0.98,default9,9,1.25,1.15,0.36,0.55,base,,,46.0,47.0,0.45652173913043476,1.0,-29.122083433670262,,
uncertainty_mcts_240,-27.72852160177127,-16.993414020471967,-23.79147420543094,6.798060184958974,3.1117185352707053,2.338567874358529,0.8013883716013966,0.7387501413362905,0.15139165615606673,1.3971211899951637,768.0,,,dynamics_drift_stress,dynamics_bias_0.36,2,768,18,0.98,default9,9,1.25,1.15,0.36,0.55,base,,,46.0,47.0,0.41304347826086957,1.0,-29.80128483835666,,
static_rollout_pool,-23.02530327514894,-23.02530327514894,-23.031580492846203,0.006277217697263637,0.003549313081330093,0.38338107627048845,0.0011528500620961017,0.0008622587082925073,0.0008554178432706814,1.0294928363290805,756.0,42.0,1.0,dynamics_drift_stress,dynamics_bias_0.50,0,768,18,0.98,default9,9,1.25,1.15,0.5,0.55,base,,,,,,,,,
uct_mcts,-26.847259678139448,-26.25879550621579,-26.25879658481036,1.0785945683267073e-06,2.893927010078577e-07,0.38108104019718725,1.2527952689371092e-07,1.1403744632946088e-07,1.1403744227892142e-07,1.6002287467761087,768.0,,,dynamics_drift_stress,dynamics_bias_0.50,0,768,18,0.98,default9,9,1.25,1.15,0.5,0.55,base,,,46.0,47.0,0.41304347826086957,1.0,-28.307125204498565,,
uncertainty_mcts_240,-27.486458487931976,-31.612340635086912,-31.612341968284124,1.3331972112951007e-06,2.6957550306337464e-07,0.381081024963564,1.1424749766429448e-07,1.3313940076686811e-07,1.331393947849619e-07,1.6875251400534714,768.0,,,dynamics_drift_stress,dynamics_bias_0.50,0,768,18,0.98,default9,9,1.25,1.15,0.5,0.55,base,,,46.0,47.0,0.43478260869565216,1.0,-29.219505338054933,,
static_rollout_pool,-21.706776075338382,-21.706776075338382,-21.98456300950945,0.27778693417106837,0.14687090822625165,0.4742098013718709,0.04325395881418594,0.07085835500220052,0.06886201547863492,0.8359754662200491,756.0,42.0,1.0,dynamics_drift_stress,dynamics_bias_0.50,1,768,18,0.98,default9,9,1.25,1.15,0.5,0.55,base,,,,,,,,,
uct_mcts,-26.753581687851923,-30.935623726706453,-30.935624621877793,8.95171339720946e-07,3.191026572735559e-07,0.38108106026621524,1.3651101987965924e-07,1.3313940076686811e-07,1.331393947849619e-07,1.6875251400534714,768.0,,,dynamics_drift_stress,dynamics_bias_0.50,1,768,18,0.98,default9,9,1.25,1.15,0.5,0.55,base,,,47.0,48.0,0.7659574468085106,1.0,-27.693203108461603,,
uncertainty_mcts_240,-26.974924438684273,-19.30969023120832,-19.309693608082227,3.3768739058359643e-06,7.317389516737123e-07,0.3810813366056305,2.8791156904452076e-07,1.3313940076686811e-07,1.331393947849619e-07,0.9881587089866142,768.0,,,dynamics_drift_stress,dynamics_bias_0.50,1,768,18,0.98,default9,9,1.25,1.15,0.5,0.55,base,,,47.0,48.0,0.7446808510638298,1.0,-28.167664476388747,,
static_rollout_pool,-25.42596329266668,-25.42596329266668,-25.65360829715111,0.2276450044844296,0.17842137229558946,0.49918050498146477,0.05901815840936883,0.06063662668116828,0.05009801189289325,1.089228026924188,756.0,42.0,1.0,dynamics_drift_stress,dynamics_bias_0.50,2,768,18,0.98,default9,9,1.25,1.15,0.5,0.55,base,,,,,,,,,
uct_mcts,-27.637981288972913,-22.710052541209063,-25.85607949770029,3.1460269564912267,1.978128012299937,1.8138881429795783,0.7585803099354371,0.5239701707452498,0.027955035197997136,1.5582980413058227,768.0,,,dynamics_drift_stress,dynamics_bias_0.50,2,768,18,0.98,default9,9,1.25,1.15,0.5,0.55,base,,,46.0,47.0,0.45652173913043476,1.0,-29.126195525539984,,
uncertainty_mcts_240,-27.72790042290286,-16.29507942984441,-23.79147420543094,7.496394775586531,2.806946898613055,2.1453452866901,0.855497976774928,0.760440426751823,0.15139165615606673,1.3971211899951637,768.0,,,dynamics_drift_stress,dynamics_bias_0.50,2,768,18,0.98,default9,9,1.25,1.15,0.5,0.55,base,,,46.0,47.0,0.41304347826086957,1.0,-29.801027317745326,,
static_rollout_pool,-23.027482426099183,-23.027482426099183,-23.031580492846203,0.004098066747019402,0.0028988463664981453,0.38273195162217233,0.0005063070510782373,0.0008584199803125329,0.0008554178432706814,1.0294928363290805,756.0,42.0,1.0,start_state_stress,base,0,768,18,0.98,default9,9,1.25,1.15,0.22,0.55,base,,,,,,,,,
uct_mcts,-26.85797300162714,-26.25879601832545,-26.25879658481036,5.66484906983078e-07,2.1923615941009223e-07,0.38108097004061825,5.512297831562171e-08,1.1403744406115877e-07,1.1403744227892142e-07,1.6002287467761087,768.0,,,start_state_stress,base,0,768,18,0.98,default9,9,1.25,1.15,0.22,0.55,base,,,46.0,47.0,0.41304347826086957,1.0,-28.315361883430793,,
uncertainty_mcts_240,-27.486902113458683,-31.612341294693636,-31.612341968284124,6.735904882759769e-07,2.0559695367112993e-07,0.3810809609849594,5.026889662592072e-08,1.3313939741700014e-07,1.331393947849619e-07,1.6875251400534714,768.0,,,start_state_stress,base,0,768,18,0.98,default9,9,1.25,1.15,0.22,0.55,base,,,46.0,47.0,0.43478260869565216,1.0,-29.211335297977712,,
static_rollout_pool,-21.80570468647983,-21.80570468647983,-21.98456300950945,0.17885832302961902,0.12165380271863876,0.4493640975345429,0.019002678270618967,0.06976586866132266,0.06886201547863492,0.8359754662200491,756.0,42.0,1.0,start_state_stress,base,1,768,18,0.98,default9,9,1.25,1.15,0.22,0.55,base,,,,,,,,,
uct_mcts,-26.798965992062325,-30.935624125751136,-30.935624621877793,4.961266562020228e-07,2.4265648273866845e-07,0.3810809838200053,6.006483248485279e-08,1.3313939741700014e-07,1.331393947849619e-07,1.6875251400534714,768.0,,,start_state_stress,base,1,768,18,0.98,default9,9,1.25,1.15,0.22,0.55,base,,,47.0,48.0,0.7659574468085106,1.0,-27.72796797571883,,
uncertainty_mcts_240,-26.986134964354868,-19.309691873715817,-19.309693608082227,1.7343664104885193e-06,5.705080104904478e-07,0.38108117537482605,1.266809784963739e-07,1.3313939741700014e-07,1.331393947849619e-07,0.9881587089866142,768.0,,,start_state_stress,base,1,768,18,0.98,default9,9,1.25,1.15,0.22,0.55,base,,,47.0,48.0,0.7446808510638298,1.0,-28.176014593077536,,
static_rollout_pool,-25.493039562007993,-25.493039562007993,-25.65360829715111,0.16056873514311576,0.139360263333766,0.461569980536874,0.024859233621044384,0.05472226654296507,0.05009801189289325,1.089228026924188,756.0,42.0,1.0,start_state_stress,base,2,768,18,0.98,default9,9,1.25,1.15,0.22,0.55,base,,,,,,,,,
uct_mcts,-27.58163677211748,-26.854752060292213,-27.00802194628259,0.15326988599037605,0.06854597125789516,0.4229532502106224,0.017043013054080052,0.006372618579858618,0.006020389590141038,1.6701197561851664,768.0,,,start_state_stress,base,2,768,18,0.98,default9,9,1.25,1.15,0.22,0.55,base,,,46.0,47.0,0.45652173913043476,1.0,-29.100570929940808,,
uncertainty_mcts_240,-27.72913637335041,-18.019014668064525,-23.79147420543094,5.772459537366416,3.6553508905652645,2.599146123758746,0.6846630770093695,0.5606835515885704,0.15139165615606673,1.3971211899951637,768.0,,,start_state_stress,base,2,768,18,0.98,default9,9,1.25,1.15,0.22,0.55,base,,,46.0,47.0,0.41304347826086957,1.0,-29.801539725985002,,
static_rollout_pool,-25.52810302949985,-25.52810302949985,-25.528122648480647,1.9618980797275754e-05,1.3511407063395466e-05,0.38108866990005197,2.628649709001701e-06,4.068844792509982e-06,4.0687105348009594e-06,1.2181722887803208,756.0,42.0,1.0,start_state_stress,lower_start,0,768,18,0.98,default9,9,1.25,1.15,0.22,0.55,lower_start,,,,,,,,,
uct_mcts,-30.037961111256642,-25.10621400312702,-26.000210610723315,0.8939966075962964,0.586803214863378,0.7534570977317117,0.1396401374167346,0.11329213530165533,0.04836757538452802,1.5116216457830973,768.0,,,start_state_stress,lower_start,0,768,18,0.98,default9,9,1.25,1.15,0.22,0.55,lower_start,,,46.0,47.0,0.5869565217391305,1.0,-30.889775340946557,,
uncertainty_mcts_240,-30.228906046034083,-15.536859091125091,-15.578905272186956,0.042046181061865084,0.036925271243954554,0.40057154681076923,0.003544249278973432,0.01030992312468269,0.010405192615023364,0.21215817651636337,768.0,,,start_state_stress,lower_start,0,768,18,0.98,default9,9,1.25,1.15,0.22,0.55,lower_start,,,46.0,47.0,0.6304347826086957,1.0,-31.29339002826599,,
static_rollout_pool,-23.917024933550014,-23.917024933550014,-23.921009984100603,0.003985050550589619,0.0026724266531950487,0.38259483571031266,0.00045067506893072326,0.0019535104568387013,0.0019522152742450524,0.9921526739029598,756.0,42.0,1.0,start_state_stress,lower_start,1,768,18,0.98,default9,9,1.25,1.15,0.22,0.55,lower_start,,,,,,,,,
uct_mcts,-28.344726871669362,-31.556119887254486,-31.55611992083489,3.35804060114242e-08,1.5633778156421315e-08,0.38108084597468295,3.965489891608197e-09,8.73222124019413e-09,8.73222123117203e-09,1.747014819890477,768.0,,,start_state_stress,lower_start,1,768,18,0.98,default9,9,1.25,1.15,0.22,0.55,lower_start,,,47.0,48.0,0.723404255319149,1.0,-29.518637806554057,,
uncertainty_mcts_240,-29.522916045826257,-22.373550544456293,-22.373550558998872,1.4542578696818964e-08,4.951412808568586e-09,0.3810808393767038,1.1115289488181434e-09,1.039944630393122e-09,1.039944622726859e-09,1.1458659495140062,768.0,,,start_state_stress,lower_start,1,768,18,0.98,default9,9,1.25,1.15,0.22,0.55,lower_start,,,47.0,48.0,0.7659574468085106,1.0,-30.459565342239628,,
static_rollout_pool,-27.649643769680395,-27.649643769680395,-27.653446595156236,0.0038028254758408764,0.003259002479655766,0.38296221127008695,0.000616545169127094,0.0012243234549634315,0.0012185991213789354,1.1833653447984918,756.0,42.0,1.0,start_state_stress,lower_start,2,768,18,0.98,default9,9,1.25,1.15,0.22,0.55,lower_start,,,,,,,,,
uct_mcts,-28.101868823435144,-26.252439450437045,-26.252439475181006,2.4743961546391802e-08,1.0840089067053193e-08,0.38108084299141387,2.6417697005194276e-09,6.7230742011584595e-09,6.723074194572104e-09,1.6002287467761087,768.0,,,start_state_stress,lower_start,2,768,18,0.98,default9,9,1.25,1.15,0.22,0.55,lower_start,,,47.0,48.0,0.5957446808510638,1.0,-29.929953245509402,,
uncertainty_mcts_240,-31.65133262869261,-17.839843693030186,-18.425560072006167,0.585716378975981,0.4132664896815882,0.6003469733059338,0.04729487366547665,0.11576108045060254,0.13711464053567518,0.4384188543650334,768.0,,,start_state_stress,lower_start,2,768,18,0.98,default9,9,1.25,1.15,0.22,0.55,lower_start,,,46.0,47.0,0.6086956521739131,1.0,-32.56844790069067,,
static_rollout_pool,-10.626556012422,-10.626556012422,-15.405963021458396,4.779407009036396,1.7712649217349121,1.367638738994121,0.2619294778103504,0.29539316036881164,0.5864138175833817,0.4618587533046912,756.0,42.0,1.0,start_state_stress,pocket_adjacent,0,768,18,0.98,default9,9,1.25,1.15,0.22,0.55,pocket_adjacent,,,,,,,,,
uct_mcts,-14.925961247858472,-9.687303814282894,-21.111045144426516,11.423741330143622,4.569495032617201,2.7904023963868543,0.6337371538925108,0.9370186168545716,0.7637217335930406,1.1143164002482118,768.0,,,start_state_stress,pocket_adjacent,0,768,18,0.98,default9,9,1.25,1.15,0.22,0.55,pocket_adjacent,,,46.0,47.0,0.6739130434782609,1.0,-16.709937562440658,,
uncertainty_mcts_240,-17.751803175972764,-5.475966188143947,-7.997276670462419,2.521310482318472,0.7120694740650246,0.7804617424649211,0.1086693695308546,0.20264163139475105,0.20105382468890362,0.12388481030032487,768.0,,,start_state_stress,pocket_adjacent,0,768,18,0.98,default9,9,1.25,1.15,0.22,0.55,pocket_adjacent,,,47.0,48.0,0.723404255319149,1.0,-19.114583869220105,,
static_rollout_pool,-8.042733746029338,-8.042733746029338,-17.98600054679976,9.943266800770424,3.665826182885436,2.3716391089648616,0.5369671365509603,0.7328618989174348,0.9525283485529806,0.5306758476413341,756.0,42.0,1.0,start_state_stress,pocket_adjacent,1,768,18,0.98,default9,9,1.25,1.15,0.22,0.55,pocket_adjacent,,,,,,,,,
uct_mcts,-12.868171345654028,-9.807077287559864,-20.205667775081498,10.398590487521634,4.011246689456654,2.4709320900038514,0.5250412395869973,0.7613329435318934,0.9746157713406822,1.0006447712364988,768.0,,,start_state_stress,pocket_adjacent,1,768,18,0.98,default9,9,1.25,1.15,0.22,0.55,pocket_adjacent,,,47.0,48.0,0.8085106382978723,1.0,-14.394320990694624,,
uncertainty_mcts_240,-15.503917935688817,-8.50293448904107,-17.799730472363493,9.296795983322422,3.5088927387976567,2.231380202508397,0.4373573537976389,0.4580211483708401,0.4391154461431508,1.0006447712364988,768.0,,,start_state_stress,pocket_adjacent,1,768,18,0.98,default9,9,1.25,1.15,0.22,0.55,pocket_adjacent,,,47.0,48.0,0.7872340425531915,1.0,-16.994903584751636,,
static_rollout_pool,-7.692841532021516,-7.692841532021516,-21.559836259344745,13.86699472732323,6.397048494331885,3.6869199018918897,0.8264097138413226,0.7636306550678739,0.807369724553496,1.1152066703960477,756.0,42.0,1.0,start_state_stress,pocket_adjacent,2,768,18,0.98,default9,9,1.25,1.15,0.22,0.55,pocket_adjacent,,,,,,,,,
uct_mcts,-14.2124944825084,-10.374462253863825,-21.960011093335986,11.58554883947216,4.85918927271866,3.0423041868441376,0.7390045054235505,0.8790123562527484,0.5020521013264378,1.2296765376015832,768.0,,,start_state_stress,pocket_adjacent,2,768,18,0.98,default9,9,1.25,1.15,0.22,0.55,pocket_adjacent,,,47.0,48.0,0.723404255319149,1.0,-16.134148368753234,,
uncertainty_mcts_240,-17.068202960168446,-9.974163027343765,-20.787322203728476,10.81315917638471,4.286394056098186,2.6309138474253695,0.5805253625050137,0.7345242213560574,0.9008823709771796,1.0696281536720214,768.0,,,start_state_stress,pocket_adjacent,2,768,18,0.98,default9,9,1.25,1.15,0.22,0.55,pocket_adjacent,,,46.0,47.0,0.5434782608695652,1.0,-19.594449216082417,,
static_rollout_pool,-24.137839392394618,-24.137839392394618,-24.14182351568943,0.0039841232948134575,0.0028479253418877406,0.38271510305963535,0.0005205912090045326,0.000904935768890056,0.0009013068666936225,1.0971127410638672,756.0,42.0,1.0,start_state_stress,wide_left,0,768,18,0.98,default9,9,1.25,1.15,0.22,0.55,wide_left,,,,,,,,,
uct_mcts,-28.64258127477208,-29.602704748053647,-29.60468688844992,0.001982140396272314,0.0019767929398477008,0.38230227284430357,0.0005285123780174644,0.00022939529308302405,0.00022939383620477593,1.870325704724365,768.0,,,start_state_stress,wide_left,0,768,18,0.98,default9,9,1.25,1.15,0.22,0.55,wide_left,,,46.0,47.0,0.5217391304347826,1.0,-29.770499656312847,,
uncertainty_mcts_240,-29.534691920359798,-30.078840730537355,-30.07884075353652,2.2999167015314015e-08,7.2338976100204065e-09,0.38108084092207156,1.981206247807805e-09,2.996449316597674e-10,2.996449143278874e-10,1.9716184782201878,768.0,,,start_state_stress,wide_left,0,768,18,0.98,default9,9,1.25,1.15,0.22,0.55,wide_left,,,46.0,47.0,0.6739130434782609,1.0,-30.33438658710929,,
static_rollout_pool,-23.915286393625472,-23.915286393625472,-24.089637754123494,0.17435136049802225,0.1205378199787827,0.450202912965112,0.02080717732908205,0.06973343788926464,0.06834077635066725,0.9708709894388703,756.0,42.0,1.0,start_state_stress,wide_left,1,768,18,0.98,default9,9,1.25,1.15,0.22,0.55,wide_left,,,,,,,,,
uct_mcts,-27.63119036108521,-30.040652984405874,-30.04065298492169,5.158149463113659e-10,1.4201749027786018e-10,0.3810808365169385,3.892538561791085e-11,2.7748169561222495e-11,2.7748169561222495e-11,1.9658297140931031,768.0,,,start_state_stress,wide_left,1,768,18,0.98,default9,9,1.25,1.15,0.22,0.55,wide_left,,,46.0,47.0,0.30434782608695654,1.0,-29.630769794769765,,
uncertainty_mcts_240,-28.748521917226473,-35.43534075476798,-35.43534082895194,7.418395853164839e-08,3.804086176769182e-08,0.3810808597495413,9.8274712788088e-09,2.4307867972209275e-08,2.4307867899593276e-08,1.817514469631144,768.0,,,start_state_stress,wide_left,1,768,18,0.98,default9,9,1.25,1.15,0.22,0.55,wide_left,,,47.0,48.0,0.6808510638297872,1.0,-29.758263809759192,,
static_rollout_pool,-26.717982137347246,-26.717982137347246,-26.837537913645235,0.11955577629798952,0.10454110209350535,0.4421172929981894,0.019754178868346624,0.04349790707712433,0.03961021031688161,1.1737416785596928,756.0,42.0,1.0,start_state_stress,wide_left,2,768,18,0.98,default9,9,1.25,1.15,0.22,0.55,wide_left,,,,,,,,,
uct_mcts,-28.99820458694141,-29.51028879354469,-29.512008708016022,0.0017199144713337944,0.001710362010913194,0.38213734083517953,0.0004566836859932219,0.000231867007831555,0.0002318672584930222,1.834852389391594,768.0,,,start_state_stress,wide_left,2,768,18,0.98,default9,9,1.25,1.15,0.22,0.55,wide_left,,,46.0,47.0,0.5217391304347826,1.0,-30.316114005514777,,
uncertainty_mcts_240,-29.222702164113226,-29.965635211805754,-29.96735507312626,0.0017198613205060553,0.001710317306096103,0.38213731326194605,0.00045667181671324534,0.00023186700751249412,0.0002318672584930222,1.8702631179123843,768.0,,,start_state_stress,wide_left,2,768,18,0.98,default9,9,1.25,1.15,0.22,0.55,wide_left,,,46.0,47.0,0.5652173913043478,1.0,-30.799307792232902,,
static_rollout_pool,,,,1.7136157329643755,,,,6.091756926877913e-07,6.091756926877913e-07,,1512.0,,,closed_loop_replay,budget_512,0,512,18,0.98,default9,9,,1.15,0.22,0.55,base,-5.176750330585946,6.091756926877913e-07,,,,,,1512.0,3.0
uct_mcts,,,,1.9241678641123592,,,,4.892969927546833e-07,4.892969927546833e-07,,1536.0,,,closed_loop_replay,budget_512,0,512,18,0.98,default9,9,,1.15,0.22,0.55,base,-5.109143528541055,4.892969927546833e-07,,,,,,1536.0,3.0
uncertainty_mcts_240,,,,1.6664786635089968e-06,,,,6.091756926877913e-07,6.091756926877913e-07,,1536.0,,,closed_loop_replay,budget_512,0,512,18,0.98,default9,9,,1.15,0.22,0.55,base,-5.243762509974473,6.091756926877913e-07,,,,,,1536.0,3.0
conservative_mcts,,,,1.6664786635089968e-06,,,,6.091756926877913e-07,6.091756926877913e-07,,1536.0,,,closed_loop_replay,budget_512,0,512,18,0.98,default9,9,,1.15,0.22,0.55,base,-5.243762509974473,6.091756926877913e-07,,,,,,1536.0,3.0
static_rollout_pool,,,,1.4367950995570216,,,,1.855106877654363e-08,1.855106877654363e-08,,1512.0,,,closed_loop_replay,budget_512,1,512,18,0.98,default9,9,,1.15,0.22,0.55,base,-5.625666851085508,1.855106877654363e-08,,,,,,1512.0,3.0
uct_mcts,,,,0.28174039300399184,,,,1.331393947849619e-07,1.331393947849619e-07,,1536.0,,,closed_loop_replay,budget_512,1,512,18,0.98,default9,9,,1.15,0.22,0.55,base,-5.1615859762791505,1.331393947849619e-07,,,,,,1536.0,3.0
uncertainty_mcts_240,,,,0.09576869760607269,,,,1.1403744227892142e-07,1.1403744227892142e-07,,1536.0,,,closed_loop_replay,budget_512,1,512,18,0.98,default9,9,,1.15,0.22,0.55,base,-5.298912053904082,1.1403744227892142e-07,,,,,,1536.0,3.0
conservative_mcts,,,,0.09576869760607269,,,,1.1403744227892142e-07,1.1403744227892142e-07,,1536.0,,,closed_loop_replay,budget_512,1,512,18,0.98,default9,9,,1.15,0.22,0.55,base,-5.298912053904082,1.1403744227892142e-07,,,,,,1536.0,3.0
