predicted_return,true_return,selected_return_gap,model_uncertainty,model_cliff_bias,true_cliff_resets,true_reached_goal,return,uncertainty,cliff_bias,reached_goal,candidate_count,benchmark,seed,budget,horizon,planner,action_sequence,simulations,model_steps,root_visit_concentration
-2.497664111225779,-12.247897700103199,9.75023358887742,0.5199999999999999,0.0,0.0,1.0,-2.497664111225779,0.5199999999999999,0.0,1.0,2.0,CliffWalking-v1,40,32,16,static_rollout_pool,0 1 1 1 1 1 1 1 1 1 1 1 2 0 0 0,,,
3.3875150571244608,-297.01,300.39751505712445,11.43999999999999,5.0,3.0,0.0,3.3875150571244608,11.43999999999999,5.0,0.0,2.0,CliffWalking-v1,40,32,16,uniform_static_pool,1 1 3 3 3 0 1 0 3 2 0 2 0 2 1 2,,,
-14.854222890512432,-14.854222890512432,0.0,0.64,0.0,0.0,0.0,-14.854222890512432,0.64,0.0,0.0,,CliffWalking-v1,40,32,16,uct_mcts,0 0 0 0 0 0 0 0 0 0 0 0 0 0 0 0,2.0,32.0,0.5
-36.64763638423542,-113.8542228905124,77.20658650627698,4.960000000000001,2.0,1.0,0.0,-36.64763638423542,4.960000000000001,2.0,0.0,,CliffWalking-v1,40,32,16,uncertainty_mcts,1 0 0 0 0 0 0 0 0 0 0 0 0 0 0 0,2.0,32.0,0.5
-113.8542228905124,-113.8542228905124,0.0,0.64,0.0,1.0,0.0,-113.8542228905124,0.64,0.0,0.0,,CliffWalking-v1,40,32,16,true_model_uct,1 0 0 0 0 0 0 0 0 0 0 0 0 0 0 0,2.0,32.0,0.5
-2.497664111225779,-12.247897700103199,9.75023358887742,0.5199999999999999,0.0,0.0,1.0,-2.497664111225779,0.5199999999999999,0.0,1.0,4.0,CliffWalking-v1,40,64,16,static_rollout_pool,0 1 1 1 1 1 1 1 1 1 1 1 2 0 0 0,,,
34.7858786656009,-480.6104185712119,515.3962972368128,30.879999999999992,14.0,5.0,0.0,34.7858786656009,30.879999999999992,14.0,0.0,4.0,CliffWalking-v1,40,64,16,uniform_static_pool,1 1 2 3 2 2 1 3 3 2 1 2 3 2 1 2,,,
-7.292222890512434,-113.8542228905124,106.56199999999997,4.960000000000001,2.0,1.0,0.0,-7.292222890512434,4.960000000000001,2.0,0.0,,CliffWalking-v1,40,64,16,uct_mcts,1 0 0 0 0 0 0 0 0 0 0 0 0 0 0 0,4.0,64.0,0.25
-18.419236384235422,-14.854222890512432,-3.56501349372299,0.64,0.0,0.0,0.0,-18.419236384235422,0.64,0.0,0.0,,CliffWalking-v1,40,64,16,uncertainty_mcts,0 0 0 0 0 0 0 0 0 0 0 0 0 0 0 0,4.0,64.0,0.25
-14.854222890512432,-14.854222890512432,0.0,0.64,0.0,0.0,0.0,-14.854222890512432,0.64,0.0,0.0,,CliffWalking-v1,40,64,16,true_model_uct,0 0 0 0 0 0 0 0 0 0 0 0 0 0 0 0,4.0,64.0,0.25
-2.497664111225779,-12.247897700103199,9.75023358887742,0.5199999999999999,0.0,0.0,1.0,-2.497664111225779,0.5199999999999999,0.0,1.0,8.0,CliffWalking-v1,40,128,16,static_rollout_pool,0 1 1 1 1 1 1 1 1 1 1 1 2 0 0 0,,,
34.7858786656009,-480.6104185712119,515.3962972368128,30.879999999999992,14.0,5.0,0.0,34.7858786656009,30.879999999999992,14.0,0.0,8.0,CliffWalking-v1,40,128,16,uniform_static_pool,1 1 2 3 2 2 1 3 3 2 1 2 3 2 1 2,,,
-3.567842890512434,-211.86422289051248,208.29638000000006,7.120000000000001,3.0,2.0,0.0,-3.567842890512434,7.120000000000001,3.0,0.0,,CliffWalking-v1,40,128,16,uct_mcts,1 1 0 0 0 0 0 0 0 0 0 0 0 0 0 0,9.0,128.0,0.6666666666666666
-18.419236384235422,-14.854222890512432,-3.56501349372299,0.64,0.0,0.0,0.0,-18.419236384235422,0.64,0.0,0.0,,CliffWalking-v1,40,128,16,uncertainty_mcts,0 1 1 0 0 0 0 0 0 0 0 0 0 0 0 0,9.0,128.0,0.6666666666666666
-14.854222890512432,-14.854222890512432,0.0,0.64,0.0,0.0,0.0,-14.854222890512432,0.64,0.0,0.0,,CliffWalking-v1,40,128,16,true_model_uct,0 1 0 0 0 0 0 0 0 0 0 0 0 0 0 0,9.0,128.0,0.5555555555555556
-2.497664111225779,-12.247897700103199,9.75023358887742,0.5199999999999999,0.0,0.0,1.0,-2.497664111225779,0.5199999999999999,0.0,1.0,16.0,CliffWalking-v1,40,256,16,static_rollout_pool,0 1 1 1 1 1 1 1 1 1 1 1 2 0 0 0,,,
34.7858786656009,-480.6104185712119,515.3962972368128,30.879999999999992,14.0,5.0,0.0,34.7858786656009,30.879999999999992,14.0,0.0,16.0,CliffWalking-v1,40,256,16,uniform_static_pool,1 1 2 3 2 2 1 3 3 2 1 2 3 2 1 2,,,
0.11929330948756511,-211.86422289051248,211.98351620000005,9.27999999999999,4.0,2.0,0.0,0.11929330948756511,9.27999999999999,4.0,0.0,,CliffWalking-v1,40,256,16,uct_mcts,1 1 2 0 0 0 0 0 0 0 0 0 0 0 0 0,18.0,256.0,0.8333333333333334
-18.419236384235422,-14.854222890512432,-3.56501349372299,0.64,0.0,0.0,0.0,-18.419236384235422,0.64,0.0,0.0,,CliffWalking-v1,40,256,16,uncertainty_mcts,0 1 1 0 0 0 0 0 0 0 0 0 0 0 0 0,18.0,256.0,0.8333333333333334
-14.854222890512432,-14.854222890512432,0.0,0.64,0.0,0.0,0.0,-14.854222890512432,0.64,0.0,0.0,,CliffWalking-v1,40,256,16,true_model_uct,0 0 3 0 0 0 0 0 0 0 0 0 0 0 0 0,18.0,256.0,0.7777777777777778
-3.47268747011352,-13.125418723102166,9.652731252988646,0.5599999999999999,0.0,0.0,1.0,-3.47268747011352,0.5599999999999999,0.0,1.0,2.0,CliffWalking-v1,41,32,16,static_rollout_pool,3 0 1 1 1 1 1 1 1 1 1 1 1 2 0 0,,,
18.00922306570402,-402.0427288805124,420.05195194621643,20.07999999999999,9.0,4.0,0.0,18.00922306570402,20.07999999999999,9.0,0.0,2.0,CliffWalking-v1,41,32,16,uniform_static_pool,1 2 1 1 1 2 3 2 0 3 0 1 3 0 2 2,,,
-14.854222890512432,-14.854222890512432,0.0,0.64,0.0,0.0,0.0,-14.854222890512432,0.64,0.0,0.0,,CliffWalking-v1,41,32,16,uct_mcts,3 0 0 0 0 0 0 0 0 0 0 0 0 0 0 0,2.0,32.0,0.5
-36.64763638423542,-113.8542228905124,77.20658650627698,4.960000000000001,2.0,1.0,0.0,-36.64763638423542,4.960000000000001,2.0,0.0,,CliffWalking-v1,41,32,16,uncertainty_mcts,1 0 0 0 0 0 0 0 0 0 0 0 0 0 0 0,2.0,32.0,0.5
-14.854222890512432,-14.854222890512432,0.0,0.64,0.0,0.0,0.0,-14.854222890512432,0.64,0.0,0.0,,CliffWalking-v1,41,32,16,true_model_uct,2 0 0 0 0 0 0 0 0 0 0 0 0 0 0 0,2.0,32.0,0.5
-2.497664111225779,-12.247897700103199,9.75023358887742,0.5199999999999999,0.0,0.0,1.0,-2.497664111225779,0.5199999999999999,0.0,1.0,4.0,CliffWalking-v1,41,64,16,static_rollout_pool,0 1 1 1 1 1 1 1 1 1 1 1 2 0 0 0,,,
30.883806667963523,-393.6316150521253,424.51542172008885,28.71999999999999,13.0,4.0,0.0,30.883806667963523,28.71999999999999,13.0,0.0,4.0,CliffWalking-v1,41,64,16,uniform_static_pool,3 1 1 3 1 0 2 3 3 3 3 1 0 2 0 2,,,
-14.854222890512432,-14.854222890512432,0.0,0.64,0.0,0.0,0.0,-14.854222890512432,0.64,0.0,0.0,,CliffWalking-v1,41,64,16,uct_mcts,3 0 0 0 0 0 0 0 0 0 0 0 0 0 0 0,4.0,64.0,0.25
-18.419236384235422,-14.854222890512432,-3.56501349372299,0.64,0.0,0.0,0.0,-18.419236384235422,0.64,0.0,0.0,,CliffWalking-v1,41,64,16,uncertainty_mcts,0 0 0 0 0 0 0 0 0 0 0 0 0 0 0 0,4.0,64.0,0.25
-14.854222890512432,-14.854222890512432,0.0,0.64,0.0,0.0,0.0,-14.854222890512432,0.64,0.0,0.0,,CliffWalking-v1,41,64,16,true_model_uct,2 0 0 0 0 0 0 0 0 0 0 0 0 0 0 0,4.0,64.0,0.25
-2.497664111225779,-12.247897700103199,9.75023358887742,0.5199999999999999,0.0,0.0,1.0,-2.497664111225779,0.5199999999999999,0.0,1.0,8.0,CliffWalking-v1,41,128,16,static_rollout_pool,0 1 1 1 1 1 1 1 1 1 1 1 2 0 0 0,,,
37.79182409343481,-567.3231294631923,605.1149535566271,33.03999999999999,15.0,6.0,0.0,37.79182409343481,33.03999999999999,15.0,0.0,8.0,CliffWalking-v1,41,128,16,uniform_static_pool,3 1 1 3 0 2 1 2 3 1 2 1 0 2 3 1,,,
-7.292222890512434,-113.8542228905124,106.56199999999997,4.960000000000001,2.0,1.0,0.0,-7.292222890512434,4.960000000000001,2.0,0.0,,CliffWalking-v1,41,128,16,uct_mcts,1 0 0 0 0 0 0 0 0 0 0 0 0 0 0 0,9.0,128.0,0.4444444444444444
-18.419236384235422,-14.854222890512432,-3.56501349372299,0.64,0.0,0.0,0.0,-18.419236384235422,0.64,0.0,0.0,,CliffWalking-v1,41,128,16,uncertainty_mcts,0 1 1 0 0 0 0 0 0 0 0 0 0 0 0 0,9.0,128.0,0.6666666666666666
-14.854222890512432,-14.854222890512432,0.0,0.64,0.0,0.0,0.0,-14.854222890512432,0.64,0.0,0.0,,CliffWalking-v1,41,128,16,true_model_uct,2 0 2 0 0 0 0 0 0 0 0 0 0 0 0 0,9.0,128.0,0.6666666666666666
-2.497664111225779,-12.247897700103199,9.75023358887742,0.5199999999999999,0.0,0.0,1.0,-2.497664111225779,0.5199999999999999,0.0,1.0,16.0,CliffWalking-v1,41,256,16,static_rollout_pool,0 1 1 1 1 1 1 1 1 1 1 1 2 0 0 0,,,
37.79182409343481,-567.3231294631923,605.1149535566271,33.03999999999999,15.0,6.0,0.0,37.79182409343481,33.03999999999999,15.0,0.0,16.0,CliffWalking-v1,41,256,16,uniform_static_pool,3 1 1 3 0 2 1 2 3 1 2 1 0 2 3 1,,,
-3.567842890512434,-211.86422289051248,208.29638000000006,7.120000000000001,3.0,2.0,0.0,-3.567842890512434,7.120000000000001,3.0,0.0,,CliffWalking-v1,41,256,16,uct_mcts,1 1 0 0 0 0 0 0 0 0 0 0 0 0 0 0,17.0,256.0,0.47058823529411764
-18.419236384235422,-14.854222890512432,-3.56501349372299,0.64,0.0,0.0,0.0,-18.419236384235422,0.64,0.0,0.0,,CliffWalking-v1,41,256,16,uncertainty_mcts,0 0 3 0 0 0 0 0 0 0 0 0 0 0 0 0,18.0,256.0,0.8333333333333334
-14.854222890512432,-14.854222890512432,0.0,0.64,0.0,0.0,0.0,-14.854222890512432,0.64,0.0,0.0,,CliffWalking-v1,41,256,16,true_model_uct,2 2 0 0 0 0 0 0 0 0 0 0 0 0 0 0,18.0,256.0,0.8333333333333334
-4.437960595412385,-13.994164535871144,9.55620394045876,0.6,0.0,0.0,1.0,-4.437960595412385,0.6,0.0,1.0,2.0,CliffWalking-v1,42,32,16,static_rollout_pool,0 1 1 1 1 3 1 1 1 1 1 1 1 1 2 0,,,
-7.367842890512433,-112.86422289051241,105.49637999999997,4.960000000000001,2.0,1.0,0.0,-7.367842890512433,4.960000000000001,2.0,0.0,2.0,CliffWalking-v1,42,32,16,uniform_static_pool,2 1 0 1 0 1 3 3 1 0 0 2 3 2 0 0,,,
-14.854222890512432,-14.854222890512432,0.0,0.64,0.0,0.0,0.0,-14.854222890512432,0.64,0.0,0.0,,CliffWalking-v1,42,32,16,uct_mcts,2 0 0 0 0 0 0 0 0 0 0 0 0 0 0 0,2.0,32.0,0.5
-18.419236384235422,-14.854222890512432,-3.56501349372299,0.64,0.0,0.0,0.0,-18.419236384235422,0.64,0.0,0.0,,CliffWalking-v1,42,32,16,uncertainty_mcts,0 0 0 0 0 0 0 0 0 0 0 0 0 0 0 0,2.0,32.0,0.5
-14.854222890512432,-14.854222890512432,0.0,0.64,0.0,0.0,0.0,-14.854222890512432,0.64,0.0,0.0,,CliffWalking-v1,42,32,16,true_model_uct,2 0 0 0 0 0 0 0 0 0 0 0 0 0 0 0,2.0,32.0,0.5
-3.47268747011352,-13.125418723102166,9.652731252988646,0.5599999999999999,0.0,0.0,1.0,-3.47268747011352,0.5599999999999999,0.0,1.0,4.0,CliffWalking-v1,42,64,16,static_rollout_pool,0 3 1 1 1 1 1 1 1 1 1 1 1 2 0 0,,,
12.929273429093506,-195.87681910751027,208.80609253660378,17.919999999999995,8.0,2.0,0.0,12.929273429093506,17.919999999999995,8.0,0.0,4.0,CliffWalking-v1,42,64,16,uniform_static_pool,2 0 1 1 1 2 3 3 0 2 3 3 3 1 0 3,,,
-7.292222890512434,-113.8542228905124,106.56199999999997,4.960000000000001,2.0,1.0,0.0,-7.292222890512434,4.960000000000001,2.0,0.0,,CliffWalking-v1,42,64,16,uct_mcts,1 0 0 0 0 0 0 0 0 0 0 0 0 0 0 0,4.0,64.0,0.25
-18.419236384235422,-14.854222890512432,-3.56501349372299,0.64,0.0,0.0,0.0,-18.419236384235422,0.64,0.0,0.0,,CliffWalking-v1,42,64,16,uncertainty_mcts,2 0 0 0 0 0 0 0 0 0 0 0 0 0 0 0,4.0,64.0,0.25
-14.854222890512432,-14.854222890512432,0.0,0.64,0.0,0.0,0.0,-14.854222890512432,0.64,0.0,0.0,,CliffWalking-v1,42,64,16,true_model_uct,2 0 0 0 0 0 0 0 0 0 0 0 0 0 0 0,4.0,64.0,0.25
-2.497664111225779,-12.247897700103199,9.75023358887742,0.5199999999999999,0.0,0.0,1.0,-2.497664111225779,0.5199999999999999,0.0,1.0,8.0,CliffWalking-v1,42,128,16,static_rollout_pool,0 1 1 1 1 1 1 1 1 1 1 1 2 0 0 0,,,
34.46515872725168,-487.72550582418484,522.1906645514365,30.879999999999992,14.0,5.0,0.0,34.46515872725168,30.879999999999992,14.0,0.0,8.0,CliffWalking-v1,42,128,16,uniform_static_pool,1 0 1 2 1 3 2 1 2 1 0 3 2 3 3 3,,,
-3.567842890512434,-113.8542228905124,110.28637999999997,7.120000000000001,3.0,1.0,0.0,-3.567842890512434,7.120000000000001,3.0,0.0,,CliffWalking-v1,42,128,16,uct_mcts,1 2 0 0 0 0 0 0 0 0 0 0 0 0 0 0,9.0,128.0,0.5555555555555556
-18.419236384235422,-14.854222890512432,-3.56501349372299,0.64,0.0,0.0,0.0,-18.419236384235422,0.64,0.0,0.0,,CliffWalking-v1,42,128,16,uncertainty_mcts,2 3 2 0 0 0 0 0 0 0 0 0 0 0 0 0,9.0,128.0,0.6666666666666666
-113.8542228905124,-113.8542228905124,0.0,0.64,0.0,1.0,0.0,-113.8542228905124,0.64,0.0,0.0,,CliffWalking-v1,42,128,16,true_model_uct,1 0 0 0 0 0 0 0 0 0 0 0 0 0 0 0,9.0,128.0,0.3333333333333333
-2.497664111225779,-12.247897700103199,9.75023358887742,0.5199999999999999,0.0,0.0,1.0,-2.497664111225779,0.5199999999999999,0.0,1.0,16.0,CliffWalking-v1,42,256,16,static_rollout_pool,0 1 1 1 1 1 1 1 1 1 1 1 2 0 0 0,,,
35.0223682572758,-581.0553128454471,616.077681102723,30.879999999999992,14.0,6.0,0.0,35.0223682572758,30.879999999999992,14.0,0.0,16.0,CliffWalking-v1,42,256,16,uniform_static_pool,1 1 3 2 1 2 1 3 1 2 1 2 2 0 0 0,,,
-3.567842890512434,-113.8542228905124,110.28637999999997,7.120000000000001,3.0,1.0,0.0,-3.567842890512434,7.120000000000001,3.0,0.0,,CliffWalking-v1,42,256,16,uct_mcts,1 2 3 0 0 0 0 0 0 0 0 0 0 0 0 0,18.0,256.0,0.7777777777777778
-18.419236384235422,-14.854222890512432,-3.56501349372299,0.64,0.0,0.0,0.0,-18.419236384235422,0.64,0.0,0.0,,CliffWalking-v1,42,256,16,uncertainty_mcts,2 0 3 0 0 0 0 0 0 0 0 0 0 0 0 0,18.0,256.0,0.8333333333333334
-14.854222890512432,-14.854222890512432,0.0,0.64,0.0,0.0,0.0,-14.854222890512432,0.64,0.0,0.0,,CliffWalking-v1,42,256,16,true_model_uct,2 3 0 3 0 0 0 0 0 0 0 0 0 0 0 0,18.0,256.0,0.5555555555555556
-5.393580989458261,-14.854222890512432,9.46064190105417,0.64,0.0,0.0,1.0,-5.393580989458261,0.64,0.0,1.0,2.0,CliffWalking-v1,43,32,16,static_rollout_pool,0 3 1 1 1 1 1 1 3 1 1 1 1 1 1 2,,,
27.494555824400525,-379.7786377878937,407.2731936122942,26.55999999999999,12.0,4.0,0.0,27.494555824400525,26.55999999999999,12.0,0.0,2.0,CliffWalking-v1,43,32,16,uniform_static_pool,1 2 2 2 2 0 3 1 1 3 2 1 1 3 2 3,,,
-7.292222890512434,-113.8542228905124,106.56199999999997,4.960000000000001,2.0,1.0,0.0,-7.292222890512434,4.960000000000001,2.0,0.0,,CliffWalking-v1,43,32,16,uct_mcts,1 0 0 0 0 0 0 0 0 0 0 0 0 0 0 0,2.0,32.0,0.5
-36.64763638423542,-113.8542228905124,77.20658650627698,4.960000000000001,2.0,1.0,0.0,-36.64763638423542,4.960000000000001,2.0,0.0,,CliffWalking-v1,43,32,16,uncertainty_mcts,1 0 0 0 0 0 0 0 0 0 0 0 0 0 0 0,2.0,32.0,0.5
-113.8542228905124,-113.8542228905124,0.0,0.64,0.0,1.0,0.0,-113.8542228905124,0.64,0.0,0.0,,CliffWalking-v1,43,32,16,true_model_uct,1 0 0 0 0 0 0 0 0 0 0 0 0 0 0 0,2.0,32.0,0.5
-2.497664111225779,-12.247897700103199,9.75023358887742,0.5199999999999999,0.0,0.0,1.0,-2.497664111225779,0.5199999999999999,0.0,1.0,4.0,CliffWalking-v1,43,64,16,static_rollout_pool,0 1 1 1 1 1 1 1 1 1 1 1 2 0 0 0,,,
27.494555824400525,-379.7786377878937,407.2731936122942,26.55999999999999,12.0,4.0,0.0,27.494555824400525,26.55999999999999,12.0,0.0,4.0,CliffWalking-v1,43,64,16,uniform_static_pool,1 2 2 2 2 0 3 1 1 3 2 1 1 3 2 3,,,
-14.854222890512432,-14.854222890512432,0.0,0.64,0.0,0.0,0.0,-14.854222890512432,0.64,0.0,0.0,,CliffWalking-v1,43,64,16,uct_mcts,0 0 0 0 0 0 0 0 0 0 0 0 0 0 0 0,4.0,64.0,0.25
-18.419236384235422,-14.854222890512432,-3.56501349372299,0.64,0.0,0.0,0.0,-18.419236384235422,0.64,0.0,0.0,,CliffWalking-v1,43,64,16,uncertainty_mcts,2 0 0 0 0 0 0 0 0 0 0 0 0 0 0 0,4.0,64.0,0.25
-14.854222890512432,-14.854222890512432,0.0,0.64,0.0,0.0,0.0,-14.854222890512432,0.64,0.0,0.0,,CliffWalking-v1,43,64,16,true_model_uct,2 0 0 0 0 0 0 0 0 0 0 0 0 0 0 0,4.0,64.0,0.25
-2.497664111225779,-12.247897700103199,9.75023358887742,0.5199999999999999,0.0,0.0,1.0,-2.497664111225779,0.5199999999999999,0.0,1.0,8.0,CliffWalking-v1,43,128,16,static_rollout_pool,0 1 1 1 1 1 1 1 1 1 1 1 2 0 0 0,,,
27.494555824400525,-379.7786377878937,407.2731936122942,26.55999999999999,12.0,4.0,0.0,27.494555824400525,26.55999999999999,12.0,0.0,8.0,CliffWalking-v1,43,128,16,uniform_static_pool,1 2 2 2 2 0 3 1 1 3 2 1 1 3 2 3,,,
-7.292222890512434,-113.8542228905124,106.56199999999997,4.960000000000001,2.0,1.0,0.0,-7.292222890512434,4.960000000000001,2.0,0.0,,CliffWalking-v1,43,128,16,uct_mcts,1 0 0 0 0 0 0 0 0 0 0 0 0 0 0 0,9.0,128.0,0.4444444444444444
-18.419236384235422,-14.854222890512432,-3.56501349372299,0.64,0.0,0.0,0.0,-18.419236384235422,0.64,0.0,0.0,,CliffWalking-v1,43,128,16,uncertainty_mcts,0 1 0 0 0 0 0 0 0 0 0 0 0 0 0 0,9.0,128.0,0.3333333333333333
-14.854222890512432,-14.854222890512432,0.0,0.64,0.0,0.0,0.0,-14.854222890512432,0.64,0.0,0.0,,CliffWalking-v1,43,128,16,true_model_uct,2 0 0 0 0 0 0 0 0 0 0 0 0 0 0 0,9.0,128.0,0.5555555555555556
-2.497664111225779,-12.247897700103199,9.75023358887742,0.5199999999999999,0.0,0.0,1.0,-2.497664111225779,0.5199999999999999,0.0,1.0,16.0,CliffWalking-v1,43,256,16,static_rollout_pool,0 1 1 1 1 1 1 1 1 1 1 1 2 0 0 0,,,
27.494555824400525,-379.7786377878937,407.2731936122942,26.55999999999999,12.0,4.0,0.0,27.494555824400525,26.55999999999999,12.0,0.0,16.0,CliffWalking-v1,43,256,16,uniform_static_pool,1 2 2 2 2 0 3 1 1 3 2 1 1 3 2 3,,,
0.11929330948756511,-210.8841228905125,211.00341620000006,9.27999999999999,4.0,2.0,0.0,0.11929330948756511,9.27999999999999,4.0,0.0,,CliffWalking-v1,43,256,16,uct_mcts,1 2 1 0 0 0 0 0 0 0 0 0 0 0 0 0,18.0,256.0,0.7222222222222222
-18.419236384235422,-14.854222890512432,-3.56501349372299,0.64,0.0,0.0,0.0,-18.419236384235422,0.64,0.0,0.0,,CliffWalking-v1,43,256,16,uncertainty_mcts,0 2 0 0 0 0 0 0 0 0 0 0 0 0 0 0,18.0,256.0,0.6111111111111112
-14.854222890512432,-14.854222890512432,0.0,0.64,0.0,0.0,0.0,-14.854222890512432,0.64,0.0,0.0,,CliffWalking-v1,43,256,16,true_model_uct,2 0 2 0 0 0 0 0 0 0 0 0 0 0 0 0,18.0,256.0,0.7777777777777778
-4.437960595412385,-13.994164535871144,9.55620394045876,0.6,0.0,0.0,1.0,-4.437960595412385,0.6,0.0,1.0,2.0,CliffWalking-v1,44,32,16,static_rollout_pool,0 1 1 1 1 1 1 1 1 1 3 1 1 1 2 0,,,
3.7695581474875652,-210.8841228905125,214.65368103800006,11.43999999999999,5.0,2.0,0.0,3.7695581474875652,11.43999999999999,5.0,0.0,2.0,CliffWalking-v1,44,32,16,uniform_static_pool,1 3 1 2 0 0 0 0 2 0 3 3 1 2 0 1,,,
-14.854222890512432,-14.854222890512432,0.0,0.64,0.0,0.0,0.0,-14.854222890512432,0.64,0.0,0.0,,CliffWalking-v1,44,32,16,uct_mcts,0 0 0 0 0 0 0 0 0 0 0 0 0 0 0 0,2.0,32.0,0.5
-36.64763638423542,-113.8542228905124,77.20658650627698,4.960000000000001,2.0,1.0,0.0,-36.64763638423542,4.960000000000001,2.0,0.0,,CliffWalking-v1,44,32,16,uncertainty_mcts,1 0 0 0 0 0 0 0 0 0 0 0 0 0 0 0,2.0,32.0,0.5
-14.854222890512432,-14.854222890512432,0.0,0.64,0.0,0.0,0.0,-14.854222890512432,0.64,0.0,0.0,,CliffWalking-v1,44,32,16,true_model_uct,2 0 0 0 0 0 0 0 0 0 0 0 0 0 0 0,2.0,32.0,0.5
-2.497664111225779,-12.247897700103199,9.75023358887742,0.5199999999999999,0.0,0.0,1.0,-2.497664111225779,0.5199999999999999,0.0,1.0,4.0,CliffWalking-v1,44,64,16,static_rollout_pool,0 1 1 1 1 1 1 1 1 1 1 1 2 0 0 0,,,
9.943724291175315,-297.30777761131145,307.2515019024868,15.759999999999994,7.0,3.0,0.0,9.943724291175315,15.759999999999994,7.0,0.0,4.0,CliffWalking-v1,44,64,16,uniform_static_pool,2 2 3 3 1 1 1 2 3 3 0 3 0 1 3 3,,,
-7.292222890512434,-113.8542228905124,106.56199999999997,4.960000000000001,2.0,1.0,0.0,-7.292222890512434,4.960000000000001,2.0,0.0,,CliffWalking-v1,44,64,16,uct_mcts,1 0 0 0 0 0 0 0 0 0 0 0 0 0 0 0,4.0,64.0,0.25
-18.419236384235422,-14.854222890512432,-3.56501349372299,0.64,0.0,0.0,0.0,-18.419236384235422,0.64,0.0,0.0,,CliffWalking-v1,44,64,16,uncertainty_mcts,3 0 0 0 0 0 0 0 0 0 0 0 0 0 0 0,4.0,64.0,0.25
-14.854222890512432,-14.854222890512432,0.0,0.64,0.0,0.0,0.0,-14.854222890512432,0.64,0.0,0.0,,CliffWalking-v1,44,64,16,true_model_uct,0 0 0 0 0 0 0 0 0 0 0 0 0 0 0 0,4.0,64.0,0.25
-2.497664111225779,-12.247897700103199,9.75023358887742,0.5199999999999999,0.0,0.0,1.0,-2.497664111225779,0.5199999999999999,0.0,1.0,8.0,CliffWalking-v1,44,128,16,static_rollout_pool,0 1 1 1 1 1 1 1 1 1 1 1 2 0 0 0,,,
9.943724291175315,-297.30777761131145,307.2515019024868,15.759999999999994,7.0,3.0,0.0,9.943724291175315,15.759999999999994,7.0,0.0,8.0,CliffWalking-v1,44,128,16,uniform_static_pool,2 2 3 3 1 1 1 2 3 3 0 3 0 1 3 3,,,
-3.567842890512434,-113.8542228905124,110.28637999999997,7.120000000000001,3.0,1.0,0.0,-3.567842890512434,7.120000000000001,3.0,0.0,,CliffWalking-v1,44,128,16,uct_mcts,1 2 0 0 0 0 0 0 0 0 0 0 0 0 0 0,9.0,128.0,0.6666666666666666
-18.419236384235422,-14.854222890512432,-3.56501349372299,0.64,0.0,0.0,0.0,-18.419236384235422,0.64,0.0,0.0,,CliffWalking-v1,44,128,16,uncertainty_mcts,0 3 0 0 0 0 0 0 0 0 0 0 0 0 0 0,9.0,128.0,0.3333333333333333
-14.854222890512432,-14.854222890512432,0.0,0.64,0.0,0.0,0.0,-14.854222890512432,0.64,0.0,0.0,,CliffWalking-v1,44,128,16,true_model_uct,0 3 0 0 0 0 0 0 0 0 0 0 0 0 0 0,9.0,128.0,0.5555555555555556
-2.497664111225779,-12.247897700103199,9.75023358887742,0.5199999999999999,0.0,0.0,1.0,-2.497664111225779,0.5199999999999999,0.0,1.0,16.0,CliffWalking-v1,44,256,16,static_rollout_pool,0 1 1 1 1 1 1 1 1 1 1 1 2 0 0 0,,,
35.0223682572758,-577.4280071240817,612.4503753813575,30.879999999999992,14.0,6.0,0.0,35.0223682572758,30.879999999999992,14.0,0.0,16.0,CliffWalking-v1,44,256,16,uniform_static_pool,1 1 2 2 1 2 3 1 3 1 3 3 1 0 1 0,,,
0.11929330948756511,-211.86422289051248,211.98351620000005,9.27999999999999,4.0,2.0,0.0,0.11929330948756511,9.27999999999999,4.0,0.0,,CliffWalking-v1,44,256,16,uct_mcts,1 1 2 0 0 0 0 0 0 0 0 0 0 0 0 0,18.0,256.0,0.8333333333333334
-18.419236384235422,-14.854222890512432,-3.56501349372299,0.64,0.0,0.0,0.0,-18.419236384235422,0.64,0.0,0.0,,CliffWalking-v1,44,256,16,uncertainty_mcts,0 0 1 0 0 0 0 0 0 0 0 0 0 0 0 0,18.0,256.0,0.6666666666666666
-14.854222890512432,-14.854222890512432,0.0,0.64,0.0,0.0,0.0,-14.854222890512432,0.64,0.0,0.0,,CliffWalking-v1,44,256,16,true_model_uct,0 1 3 0 0 0 0 0 0 0 0 0 0 0 0 0,18.0,256.0,0.7777777777777778
-2.497664111225779,-12.247897700103199,9.75023358887742,0.5199999999999999,0.0,0.0,1.0,-2.497664111225779,0.5199999999999999,0.0,1.0,2.0,CliffWalking-v1,45,32,16,static_rollout_pool,0 1 1 1 1 1 1 1 1 1 1 1 2 0 0 0,,,
-7.292222890512434,-113.8542228905124,106.56199999999997,4.960000000000001,2.0,1.0,0.0,-7.292222890512434,4.960000000000001,2.0,0.0,2.0,CliffWalking-v1,45,32,16,uniform_static_pool,1 0 0 3 0 0 3 1 1 1 1 2 0 2 0 3,,,
-7.292222890512434,-113.8542228905124,106.56199999999997,4.960000000000001,2.0,1.0,0.0,-7.292222890512434,4.960000000000001,2.0,0.0,,CliffWalking-v1,45,32,16,uct_mcts,1 0 0 0 0 0 0 0 0 0 0 0 0 0 0 0,2.0,32.0,0.5
-18.419236384235422,-14.854222890512432,-3.56501349372299,0.64,0.0,0.0,0.0,-18.419236384235422,0.64,0.0,0.0,,CliffWalking-v1,45,32,16,uncertainty_mcts,3 0 0 0 0 0 0 0 0 0 0 0 0 0 0 0,2.0,32.0,0.5
-14.854222890512432,-14.854222890512432,0.0,0.64,0.0,0.0,0.0,-14.854222890512432,0.64,0.0,0.0,,CliffWalking-v1,45,32,16,true_model_uct,3 0 0 0 0 0 0 0 0 0 0 0 0 0 0 0,2.0,32.0,0.5
-2.497664111225779,-12.247897700103199,9.75023358887742,0.5199999999999999,0.0,0.0,1.0,-2.497664111225779,0.5199999999999999,0.0,1.0,4.0,CliffWalking-v1,45,64,16,static_rollout_pool,0 1 1 1 1 1 1 1 1 1 1 1 2 0 0 0,,,
6.74245990114198,-293.82625581726444,300.5687157184064,13.599999999999998,6.0,3.0,0.0,6.74245990114198,13.599999999999998,6.0,0.0,4.0,CliffWalking-v1,45,64,16,uniform_static_pool,1 2 3 0 2 2 2 3 2 1 1 0 1 0 0 0,,,
-14.854222890512432,-14.854222890512432,0.0,0.64,0.0,0.0,0.0,-14.854222890512432,0.64,0.0,0.0,,CliffWalking-v1,45,64,16,uct_mcts,2 0 0 0 0 0 0 0 0 0 0 0 0 0 0 0,4.0,64.0,0.25
-18.419236384235422,-14.854222890512432,-3.56501349372299,0.64,0.0,0.0,0.0,-18.419236384235422,0.64,0.0,0.0,,CliffWalking-v1,45,64,16,uncertainty_mcts,2 0 0 0 0 0 0 0 0 0 0 0 0 0 0 0,4.0,64.0,0.25
-14.854222890512432,-14.854222890512432,0.0,0.64,0.0,0.0,0.0,-14.854222890512432,0.64,0.0,0.0,,CliffWalking-v1,45,64,16,true_model_uct,3 0 0 0 0 0 0 0 0 0 0 0 0 0 0 0,4.0,64.0,0.25
-2.497664111225779,-12.247897700103199,9.75023358887742,0.5199999999999999,0.0,0.0,1.0,-2.497664111225779,0.5199999999999999,0.0,1.0,8.0,CliffWalking-v1,45,128,16,static_rollout_pool,0 1 1 1 1 1 1 1 1 1 1 1 2 0 0 0,,,
34.02982409343481,-476.6442112691232,510.674035362558,30.879999999999995,14.0,5.0,0.0,34.02982409343481,30.879999999999995,14.0,0.0,8.0,CliffWalking-v1,45,128,16,uniform_static_pool,2 2 1 3 1 1 2 2 2 3 3 1 2 1 2 0,,,
-14.854222890512432,-14.854222890512432,0.0,0.64,0.0,0.0,0.0,-14.854222890512432,0.64,0.0,0.0,,CliffWalking-v1,45,128,16,uct_mcts,2 3 0 0 0 0 0 0 0 0 0 0 0 0 0 0,9.0,128.0,0.4444444444444444
-18.419236384235422,-14.854222890512432,-3.56501349372299,0.64,0.0,0.0,0.0,-18.419236384235422,0.64,0.0,0.0,,CliffWalking-v1,45,128,16,uncertainty_mcts,2 0 2 0 0 0 0 0 0 0 0 0 0 0 0 0,9.0,128.0,0.6666666666666666
-14.854222890512432,-14.854222890512432,0.0,0.64,0.0,0.0,0.0,-14.854222890512432,0.64,0.0,0.0,,CliffWalking-v1,45,128,16,true_model_uct,3 2 0 0 0 0 0 0 0 0 0 0 0 0 0 0,9.0,128.0,0.4444444444444444
-2.497664111225779,-12.247897700103199,9.75023358887742,0.5199999999999999,0.0,0.0,1.0,-2.497664111225779,0.5199999999999999,0.0,1.0,16.0,CliffWalking-v1,45,256,16,static_rollout_pool,0 1 1 1 1 1 1 1 1 1 1 1 2 0 0 0,,,
34.02982409343481,-476.6442112691232,510.674035362558,30.879999999999995,14.0,5.0,0.0,34.02982409343481,30.879999999999995,14.0,0.0,16.0,CliffWalking-v1,45,256,16,uniform_static_pool,2 2 1 3 1 1 2 2 2 3 3 1 2 1 2 0,,,
-3.6807066905124337,-112.86422289051241,109.18351619999997,7.120000000000001,3.0,1.0,0.0,-3.6807066905124337,7.120000000000001,3.0,0.0,,CliffWalking-v1,45,256,16,uct_mcts,2 1 2 0 0 0 0 0 0 0 0 0 0 0 0 0,18.0,256.0,0.7222222222222222
-18.419236384235422,-14.854222890512432,-3.56501349372299,0.64,0.0,0.0,0.0,-18.419236384235422,0.64,0.0,0.0,,CliffWalking-v1,45,256,16,uncertainty_mcts,2 0 0 1 0 0 0 0 0 0 0 0 0 0 0 0,18.0,256.0,0.8333333333333334
-14.854222890512432,-14.854222890512432,0.0,0.64,0.0,0.0,0.0,-14.854222890512432,0.64,0.0,0.0,,CliffWalking-v1,45,256,16,true_model_uct,2 0 0 0 0 0 0 0 0 0 0 0 0 0 0 0,18.0,256.0,0.4444444444444444
-2.497664111225779,-12.247897700103199,9.75023358887742,0.5199999999999999,0.0,0.0,1.0,-2.497664111225779,0.5199999999999999,0.0,1.0,2.0,CliffWalking-v1,46,32,16,static_rollout_pool,0 1 1 1 1 1 1 1 1 1 1 1 2 0 0 0,,,
-4.120987811122074,-109.00223783061242,104.88125001949034,7.120000000000001,3.0,1.0,0.0,-4.120987811122074,7.120000000000001,3.0,0.0,2.0,CliffWalking-v1,46,32,16,uniform_static_pool,3 0 2 3 2 1 2 0 3 1 3 1 0 0 3 1,,,
-14.854222890512432,-14.854222890512432,0.0,0.64,0.0,0.0,0.0,-14.854222890512432,0.64,0.0,0.0,,CliffWalking-v1,46,32,16,uct_mcts,3 0 0 0 0 0 0 0 0 0 0 0 0 0 0 0,2.0,32.0,0.5
-18.419236384235422,-14.854222890512432,-3.56501349372299,0.64,0.0,0.0,0.0,-18.419236384235422,0.64,0.0,0.0,,CliffWalking-v1,46,32,16,uncertainty_mcts,2 0 0 0 0 0 0 0 0 0 0 0 0 0 0 0,2.0,32.0,0.5
-14.854222890512432,-14.854222890512432,0.0,0.64,0.0,0.0,0.0,-14.854222890512432,0.64,0.0,0.0,,CliffWalking-v1,46,32,16,true_model_uct,3 0 0 0 0 0 0 0 0 0 0 0 0 0 0 0,2.0,32.0,0.5
-2.497664111225779,-12.247897700103199,9.75023358887742,0.5199999999999999,0.0,0.0,1.0,-2.497664111225779,0.5199999999999999,0.0,1.0,4.0,CliffWalking-v1,46,64,16,static_rollout_pool,0 1 1 1 1 1 1 1 1 1 1 1 2 0 0 0,,,
-4.120987811122074,-109.00223783061242,104.88125001949034,7.120000000000001,3.0,1.0,0.0,-4.120987811122074,7.120000000000001,3.0,0.0,4.0,CliffWalking-v1,46,64,16,uniform_static_pool,3 0 2 3 2 1 2 0 3 1 3 1 0 0 3 1,,,
-7.292222890512434,-113.8542228905124,106.56199999999997,4.960000000000001,2.0,1.0,0.0,-7.292222890512434,4.960000000000001,2.0,0.0,,CliffWalking-v1,46,64,16,uct_mcts,1 0 0 0 0 0 0 0 0 0 0 0 0 0 0 0,4.0,64.0,0.25
-18.419236384235422,-14.854222890512432,-3.56501349372299,0.64,0.0,0.0,0.0,-18.419236384235422,0.64,0.0,0.0,,CliffWalking-v1,46,64,16,uncertainty_mcts,2 0 0 0 0 0 0 0 0 0 0 0 0 0 0 0,4.0,64.0,0.25
-14.854222890512432,-14.854222890512432,0.0,0.64,0.0,0.0,0.0,-14.854222890512432,0.64,0.0,0.0,,CliffWalking-v1,46,64,16,true_model_uct,3 0 0 0 0 0 0 0 0 0 0 0 0 0 0 0,4.0,64.0,0.25
-2.497664111225779,-12.247897700103199,9.75023358887742,0.5199999999999999,0.0,0.0,1.0,-2.497664111225779,0.5199999999999999,0.0,1.0,8.0,CliffWalking-v1,46,128,16,static_rollout_pool,0 1 1 1 1 1 1 1 1 1 1 1 2 0 0 0,,,
27.004210004912697,-384.36514078069894,411.36935078561163,26.559999999999995,12.0,4.0,0.0,27.004210004912697,26.559999999999995,12.0,0.0,8.0,CliffWalking-v1,46,128,16,uniform_static_pool,0 2 2 1 1 2 1 2 0 2 0 2 2 0 1 2,,,
-3.567842890512434,-211.86422289051248,208.29638000000006,7.120000000000001,3.0,2.0,0.0,-3.567842890512434,7.120000000000001,3.0,0.0,,CliffWalking-v1,46,128,16,uct_mcts,1 1 0 0 0 0 0 0 0 0 0 0 0 0 0 0,9.0,128.0,0.6666666666666666
-18.419236384235422,-14.854222890512432,-3.56501349372299,0.64,0.0,0.0,0.0,-18.419236384235422,0.64,0.0,0.0,,CliffWalking-v1,46,128,16,uncertainty_mcts,2 2 0 0 0 0 0 0 0 0 0 0 0 0 0 0,9.0,128.0,0.5555555555555556
-14.854222890512432,-14.854222890512432,0.0,0.64,0.0,0.0,0.0,-14.854222890512432,0.64,0.0,0.0,,CliffWalking-v1,46,128,16,true_model_uct,3 3 0 0 0 0 0 0 0 0 0 0 0 0 0 0,9.0,128.0,0.5555555555555556
-2.497664111225779,-12.247897700103199,9.75023358887742,0.5199999999999999,0.0,0.0,1.0,-2.497664111225779,0.5199999999999999,0.0,1.0,16.0,CliffWalking-v1,46,256,16,static_rollout_pool,0 1 1 1 1 1 1 1 1 1 1 1 2 0 0 0,,,
27.004210004912697,-384.36514078069894,411.36935078561163,26.559999999999995,12.0,4.0,0.0,27.004210004912697,26.559999999999995,12.0,0.0,16.0,CliffWalking-v1,46,256,16,uniform_static_pool,0 2 2 1 1 2 1 2 0 2 0 2 2 0 1 2,,,
0.11929330948756511,-113.8542228905124,113.97351619999996,9.27999999999999,4.0,1.0,0.0,0.11929330948756511,9.27999999999999,4.0,0.0,,CliffWalking-v1,46,256,16,uct_mcts,1 2 2 0 0 0 0 0 0 0 0 0 0 0 0 0,18.0,256.0,0.8333333333333334
-18.419236384235422,-14.854222890512432,-3.56501349372299,0.64,0.0,0.0,0.0,-18.419236384235422,0.64,0.0,0.0,,CliffWalking-v1,46,256,16,uncertainty_mcts,2 3 3 0 0 0 0 0 0 0 0 0 0 0 0 0,18.0,256.0,0.7777777777777778
-14.854222890512432,-14.854222890512432,0.0,0.64,0.0,0.0,0.0,-14.854222890512432,0.64,0.0,0.0,,CliffWalking-v1,46,256,16,true_model_uct,3 3 0 0 0 0 0 0 0 0 0 0 0 0 0 0,18.0,256.0,0.7777777777777778
-4.437960595412385,-13.994164535871144,9.55620394045876,0.6,0.0,0.0,1.0,-4.437960595412385,0.6,0.0,1.0,2.0,CliffWalking-v1,47,32,16,static_rollout_pool,0 1 1 1 3 1 1 1 1 1 1 1 1 1 2 0,,,
-4.747063891658961,-189.5338254258716,184.78676153421264,7.120000000000001,3.0,2.0,0.0,-4.747063891658961,7.120000000000001,3.0,0.0,2.0,CliffWalking-v1,47,32,16,uniform_static_pool,3 0 0 2 2 2 2 2 2 2 1 0 3 3 2 1,,,
-7.292222890512434,-113.8542228905124,106.56199999999997,4.960000000000001,2.0,1.0,0.0,-7.292222890512434,4.960000000000001,2.0,0.0,,CliffWalking-v1,47,32,16,uct_mcts,1 0 0 0 0 0 0 0 0 0 0 0 0 0 0 0,2.0,32.0,0.5
-36.64763638423542,-113.8542228905124,77.20658650627698,4.960000000000001,2.0,1.0,0.0,-36.64763638423542,4.960000000000001,2.0,0.0,,CliffWalking-v1,47,32,16,uncertainty_mcts,1 0 0 0 0 0 0 0 0 0 0 0 0 0 0 0,2.0,32.0,0.5
-14.854222890512432,-14.854222890512432,0.0,0.64,0.0,0.0,0.0,-14.854222890512432,0.64,0.0,0.0,,CliffWalking-v1,47,32,16,true_model_uct,0 0 0 0 0 0 0 0 0 0 0 0 0 0 0 0,2.0,32.0,0.5
-2.497664111225779,-12.247897700103199,9.75023358887742,0.5199999999999999,0.0,0.0,1.0,-2.497664111225779,0.5199999999999999,0.0,1.0,4.0,CliffWalking-v1,47,64,16,static_rollout_pool,0 1 1 1 1 1 1 1 1 1 1 1 2 0 0 0,,,
7.383320337107565,-308.89412289051245,316.27744322762004,13.59999999999999,6.0,3.0,0.0,7.383320337107565,13.59999999999999,6.0,0.0,4.0,CliffWalking-v1,47,64,16,uniform_static_pool,1 1 1 2 2 0 3 3 0 0 1 0 0 3 0 2,,,
-14.854222890512432,-14.854222890512432,0.0,0.64,0.0,0.0,0.0,-14.854222890512432,0.64,0.0,0.0,,CliffWalking-v1,47,64,16,uct_mcts,3 0 0 0 0 0 0 0 0 0 0 0 0 0 0 0,4.0,64.0,0.25
-18.419236384235422,-14.854222890512432,-3.56501349372299,0.64,0.0,0.0,0.0,-18.419236384235422,0.64,0.0,0.0,,CliffWalking-v1,47,64,16,uncertainty_mcts,3 0 0 0 0 0 0 0 0 0 0 0 0 0 0 0,4.0,64.0,0.25
-14.854222890512432,-14.854222890512432,0.0,0.64,0.0,0.0,0.0,-14.854222890512432,0.64,0.0,0.0,,CliffWalking-v1,47,64,16,true_model_uct,0 0 0 0 0 0 0 0 0 0 0 0 0 0 0 0,4.0,64.0,0.25
-2.497664111225779,-12.247897700103199,9.75023358887742,0.5199999999999999,0.0,0.0,1.0,-2.497664111225779,0.5199999999999999,0.0,1.0,8.0,CliffWalking-v1,47,128,16,static_rollout_pool,0 1 1 1 1 1 1 1 1 1 1 1 2 0 0 0,,,
12.819012596780524,-290.2626295932818,303.0816421900623,17.919999999999998,8.0,3.0,0.0,12.819012596780524,17.919999999999998,8.0,0.0,8.0,CliffWalking-v1,47,128,16,uniform_static_pool,1 3 2 2 3 2 0 1 1 1 2 2 2 1 2 3,,,
-7.367842890512433,-112.86422289051241,105.49637999999997,4.960000000000001,2.0,1.0,0.0,-7.367842890512433,4.960000000000001,2.0,0.0,,CliffWalking-v1,47,128,16,uct_mcts,3 1 0 0 0 0 0 0 0 0 0 0 0 0 0 0,9.0,128.0,0.4444444444444444
-18.419236384235422,-14.854222890512432,-3.56501349372299,0.64,0.0,0.0,0.0,-18.419236384235422,0.64,0.0,0.0,,CliffWalking-v1,47,128,16,uncertainty_mcts,0 1 0 0 0 0 0 0 0 0 0 0 0 0 0 0,9.0,128.0,0.5555555555555556
-14.854222890512432,-14.854222890512432,0.0,0.64,0.0,0.0,0.0,-14.854222890512432,0.64,0.0,0.0,,CliffWalking-v1,47,128,16,true_model_uct,0 1 1 0 0 0 0 0 0 0 0 0 0 0 0 0,9.0,128.0,0.6666666666666666
-2.497664111225779,-12.247897700103199,9.75023358887742,0.5199999999999999,0.0,0.0,1.0,-2.497664111225779,0.5199999999999999,0.0,1.0,16.0,CliffWalking-v1,47,256,16,static_rollout_pool,0 1 1 1 1 1 1 1 1 1 1 1 2 0 0 0,,,
31.137771316268374,-291.21178310300536,322.3495544192737,28.71999999999999,13.0,3.0,0.0,31.137771316268374,28.71999999999999,13.0,0.0,16.0,CliffWalking-v1,47,256,16,uniform_static_pool,1 0 2 0 2 0 1 1 2 3 3 2 3 3 1 2,,,
0.11929330948756511,-113.8542228905124,113.97351619999996,9.27999999999999,4.0,1.0,0.0,0.11929330948756511,9.27999999999999,4.0,0.0,,CliffWalking-v1,47,256,16,uct_mcts,1 2 2 0 0 0 0 0 0 0 0 0 0 0 0 0,18.0,256.0,0.5555555555555556
-18.419236384235422,-14.854222890512432,-3.56501349372299,0.64,0.0,0.0,0.0,-18.419236384235422,0.64,0.0,0.0,,CliffWalking-v1,47,256,16,uncertainty_mcts,3 0 0 0 0 0 0 0 0 0 0 0 0 0 0 0,18.0,256.0,0.7777777777777778
-14.854222890512432,-14.854222890512432,0.0,0.64,0.0,0.0,0.0,-14.854222890512432,0.64,0.0,0.0,,CliffWalking-v1,47,256,16,true_model_uct,0 0 0 3 0 0 0 0 0 0 0 0 0 0 0 0,18.0,256.0,0.8333333333333334
-2.497664111225779,-12.247897700103199,9.75023358887742,0.5199999999999999,0.0,0.0,1.0,-2.497664111225779,0.5199999999999999,0.0,1.0,2.0,CliffWalking-v1,48,32,16,static_rollout_pool,0 1 1 1 1 1 1 1 1 1 1 1 2 0 0 0,,,
16.626878789259113,-296.3948281240034,313.02170691326256,20.079999999999995,9.0,3.0,0.0,16.626878789259113,20.079999999999995,9.0,0.0,2.0,CliffWalking-v1,48,32,16,uniform_static_pool,2 0 1 2 2 2 1 1 0 0 0 2 2 2 3 0,,,
-14.854222890512432,-14.854222890512432,0.0,0.64,0.0,0.0,0.0,-14.854222890512432,0.64,0.0,0.0,,CliffWalking-v1,48,32,16,uct_mcts,3 0 0 0 0 0 0 0 0 0 0 0 0 0 0 0,2.0,32.0,0.5
-36.64763638423542,-113.8542228905124,77.20658650627698,4.960000000000001,2.0,1.0,0.0,-36.64763638423542,4.960000000000001,2.0,0.0,,CliffWalking-v1,48,32,16,uncertainty_mcts,1 0 0 0 0 0 0 0 0 0 0 0 0 0 0 0,2.0,32.0,0.5
-113.8542228905124,-113.8542228905124,0.0,0.64,0.0,1.0,0.0,-113.8542228905124,0.64,0.0,0.0,,CliffWalking-v1,48,32,16,true_model_uct,1 0 0 0 0 0 0 0 0 0 0 0 0 0 0 0,2.0,32.0,0.5
-2.497664111225779,-12.247897700103199,9.75023358887742,0.5199999999999999,0.0,0.0,1.0,-2.497664111225779,0.5199999999999999,0.0,1.0,4.0,CliffWalking-v1,48,64,16,static_rollout_pool,0 1 1 1 1 1 1 1 1 1 1 1 2 0 0 0,,,
16.626878789259113,-296.3948281240034,313.02170691326256,20.079999999999995,9.0,3.0,0.0,16.626878789259113,20.079999999999995,9.0,0.0,4.0,CliffWalking-v1,48,64,16,uniform_static_pool,2 0 1 2 2 2 1 1 0 0 0 2 2 2 3 0,,,
-14.854222890512432,-14.854222890512432,0.0,0.64,0.0,0.0,0.0,-14.854222890512432,0.64,0.0,0.0,,CliffWalking-v1,48,64,16,uct_mcts,3 0 0 0 0 0 0 0 0 0 0 0 0 0 0 0,4.0,64.0,0.25
-18.419236384235422,-14.854222890512432,-3.56501349372299,0.64,0.0,0.0,0.0,-18.419236384235422,0.64,0.0,0.0,,CliffWalking-v1,48,64,16,uncertainty_mcts,0 0 0 0 0 0 0 0 0 0 0 0 0 0 0 0,4.0,64.0,0.25
-14.854222890512432,-14.854222890512432,0.0,0.64,0.0,0.0,0.0,-14.854222890512432,0.64,0.0,0.0,,CliffWalking-v1,48,64,16,true_model_uct,0 0 0 0 0 0 0 0 0 0 0 0 0 0 0 0,4.0,64.0,0.25
-2.497664111225779,-12.247897700103199,9.75023358887742,0.5199999999999999,0.0,0.0,1.0,-2.497664111225779,0.5199999999999999,0.0,1.0,8.0,CliffWalking-v1,48,128,16,static_rollout_pool,0 1 1 1 1 1 1 1 1 1 1 1 2 0 0 0,,,
16.626878789259113,-296.3948281240034,313.02170691326256,20.079999999999995,9.0,3.0,0.0,16.626878789259113,20.079999999999995,9.0,0.0,8.0,CliffWalking-v1,48,128,16,uniform_static_pool,2 0 1 2 2 2 1 1 0 0 0 2 2 2 3 0,,,
-3.567842890512434,-113.8542228905124,110.28637999999997,7.120000000000001,3.0,1.0,0.0,-3.567842890512434,7.120000000000001,3.0,0.0,,CliffWalking-v1,48,128,16,uct_mcts,1 2 0 0 0 0 0 0 0 0 0 0 0 0 0 0,9.0,128.0,0.5555555555555556
-18.419236384235422,-14.854222890512432,-3.56501349372299,0.64,0.0,0.0,0.0,-18.419236384235422,0.64,0.0,0.0,,CliffWalking-v1,48,128,16,uncertainty_mcts,0 0 0 0 0 0 0 0 0 0 0 0 0 0 0 0,9.0,128.0,0.6666666666666666
-113.8542228905124,-113.8542228905124,0.0,0.64,0.0,1.0,0.0,-113.8542228905124,0.64,0.0,0.0,,CliffWalking-v1,48,128,16,true_model_uct,1 3 0 0 0 0 0 0 0 0 0 0 0 0 0 0,9.0,128.0,0.5555555555555556
-2.497664111225779,-12.247897700103199,9.75023358887742,0.5199999999999999,0.0,0.0,1.0,-2.497664111225779,0.5199999999999999,0.0,1.0,16.0,CliffWalking-v1,48,256,16,static_rollout_pool,0 1 1 1 1 1 1 1 1 1 1 1 2 0 0 0,,,
21.11724049117531,-669.382179303348,690.4994197945233,22.23999999999999,10.0,7.0,0.0,21.11724049117531,22.23999999999999,10.0,0.0,16.0,CliffWalking-v1,48,256,16,uniform_static_pool,2 1 2 2 1 1 1 1 1 1 0 0 0 2 2 3,,,
-7.516821852512434,-110.91382389051242,103.39700203799998,4.960000000000001,2.0,1.0,0.0,-7.516821852512434,4.960000000000001,2.0,0.0,,CliffWalking-v1,48,256,16,uct_mcts,3 2 2 1 0 0 0 0 0 0 0 0 0 0 0 0,18.0,256.0,0.7777777777777778
-18.419236384235422,-14.854222890512432,-3.56501349372299,0.64,0.0,0.0,0.0,-18.419236384235422,0.64,0.0,0.0,,CliffWalking-v1,48,256,16,uncertainty_mcts,0 0 0 3 0 0 0 0 0 0 0 0 0 0 0 0,18.0,256.0,0.8333333333333334
-14.854222890512432,-14.854222890512432,0.0,0.64,0.0,0.0,0.0,-14.854222890512432,0.64,0.0,0.0,,CliffWalking-v1,48,256,16,true_model_uct,0 0 0 1 0 0 0 0 0 0 0 0 0 0 0 0,18.0,256.0,0.7777777777777778
-2.497664111225779,-12.247897700103199,9.75023358887742,0.5199999999999999,0.0,0.0,1.0,-2.497664111225779,0.5199999999999999,0.0,1.0,2.0,CliffWalking-v1,49,32,16,static_rollout_pool,0 1 1 1 1 1 1 1 1 1 1 1 2 0 0 0,,,
28.050044442300862,-485.28138410300534,513.3314285453062,26.55999999999999,12.0,5.0,0.0,28.050044442300862,26.55999999999999,12.0,0.0,2.0,CliffWalking-v1,49,32,16,uniform_static_pool,1 1 3 1 3 0 2 3 1 3 3 3 0 2 1 0,,,
-14.854222890512432,-14.854222890512432,0.0,0.64,0.0,0.0,0.0,-14.854222890512432,0.64,0.0,0.0,,CliffWalking-v1,49,32,16,uct_mcts,0 0 0 0 0 0 0 0 0 0 0 0 0 0 0 0,2.0,32.0,0.5
-18.419236384235422,-14.854222890512432,-3.56501349372299,0.64,0.0,0.0,0.0,-18.419236384235422,0.64,0.0,0.0,,CliffWalking-v1,49,32,16,uncertainty_mcts,2 0 0 0 0 0 0 0 0 0 0 0 0 0 0 0,2.0,32.0,0.5
-14.854222890512432,-14.854222890512432,0.0,0.64,0.0,0.0,0.0,-14.854222890512432,0.64,0.0,0.0,,CliffWalking-v1,49,32,16,true_model_uct,0 0 0 0 0 0 0 0 0 0 0 0 0 0 0 0,2.0,32.0,0.5
-2.497664111225779,-12.247897700103199,9.75023358887742,0.5199999999999999,0.0,0.0,1.0,-2.497664111225779,0.5199999999999999,0.0,1.0,4.0,CliffWalking-v1,49,64,16,static_rollout_pool,0 1 1 1 1 1 1 1 1 1 1 1 2 0 0 0,,,
28.050044442300862,-485.28138410300534,513.3314285453062,26.55999999999999,12.0,5.0,0.0,28.050044442300862,26.55999999999999,12.0,0.0,4.0,CliffWalking-v1,49,64,16,uniform_static_pool,1 1 3 1 3 0 2 3 1 3 3 3 0 2 1 0,,,
-14.854222890512432,-14.854222890512432,0.0,0.64,0.0,0.0,0.0,-14.854222890512432,0.64,0.0,0.0,,CliffWalking-v1,49,64,16,uct_mcts,3 0 0 0 0 0 0 0 0 0 0 0 0 0 0 0,4.0,64.0,0.25
-18.419236384235422,-14.854222890512432,-3.56501349372299,0.64,0.0,0.0,0.0,-18.419236384235422,0.64,0.0,0.0,,CliffWalking-v1,49,64,16,uncertainty_mcts,0 0 0 0 0 0 0 0 0 0 0 0 0 0 0 0,4.0,64.0,0.25
-14.854222890512432,-14.854222890512432,0.0,0.64,0.0,0.0,0.0,-14.854222890512432,0.64,0.0,0.0,,CliffWalking-v1,49,64,16,true_model_uct,3 0 0 0 0 0 0 0 0 0 0 0 0 0 0 0,4.0,64.0,0.25
-2.497664111225779,-12.247897700103199,9.75023358887742,0.5199999999999999,0.0,0.0,1.0,-2.497664111225779,0.5199999999999999,0.0,1.0,8.0,CliffWalking-v1,49,128,16,static_rollout_pool,0 1 1 1 1 1 1 1 1 1 1 1 2 0 0 0,,,
28.050044442300862,-485.28138410300534,513.3314285453062,26.55999999999999,12.0,5.0,0.0,28.050044442300862,26.55999999999999,12.0,0.0,8.0,CliffWalking-v1,49,128,16,uniform_static_pool,1 1 3 1 3 0 2 3 1 3 3 3 0 2 1 0,,,
-7.367842890512433,-112.86422289051241,105.49637999999997,4.960000000000001,2.0,1.0,0.0,-7.367842890512433,4.960000000000001,2.0,0.0,,CliffWalking-v1,49,128,16,uct_mcts,3 1 0 0 0 0 0 0 0 0 0 0 0 0 0 0,9.0,128.0,0.5555555555555556
-18.419236384235422,-14.854222890512432,-3.56501349372299,0.64,0.0,0.0,0.0,-18.419236384235422,0.64,0.0,0.0,,CliffWalking-v1,49,128,16,uncertainty_mcts,0 3 0 0 0 0 0 0 0 0 0 0 0 0 0 0,9.0,128.0,0.5555555555555556
-14.854222890512432,-14.854222890512432,0.0,0.64,0.0,0.0,0.0,-14.854222890512432,0.64,0.0,0.0,,CliffWalking-v1,49,128,16,true_model_uct,3 0 3 0 0 0 0 0 0 0 0 0 0 0 0 0,9.0,128.0,0.6666666666666666
-2.497664111225779,-12.247897700103199,9.75023358887742,0.5199999999999999,0.0,0.0,1.0,-2.497664111225779,0.5199999999999999,0.0,1.0,16.0,CliffWalking-v1,49,256,16,static_rollout_pool,0 1 1 1 1 1 1 1 1 1 1 1 2 0 0 0,,,
28.31952585735843,-386.1007252600565,414.4202511174149,26.55999999999999,12.0,4.0,0.0,28.31952585735843,26.55999999999999,12.0,0.0,16.0,CliffWalking-v1,49,256,16,uniform_static_pool,1 2 2 2 0 2 2 1 3 1 1 0 0 0 0 1,,,
-7.367842890512433,-112.86422289051241,105.49637999999997,4.960000000000001,2.0,1.0,0.0,-7.367842890512433,4.960000000000001,2.0,0.0,,CliffWalking-v1,49,256,16,uct_mcts,3 1 3 2 0 0 0 0 0 0 0 0 0 0 0 0,18.0,256.0,0.7777777777777778
-18.419236384235422,-14.854222890512432,-3.56501349372299,0.64,0.0,0.0,0.0,-18.419236384235422,0.64,0.0,0.0,,CliffWalking-v1,49,256,16,uncertainty_mcts,2 3 0 0 0 0 0 0 0 0 0 0 0 0 0 0,18.0,256.0,0.4444444444444444
-14.854222890512432,-14.854222890512432,0.0,0.64,0.0,0.0,0.0,-14.854222890512432,0.64,0.0,0.0,,CliffWalking-v1,49,256,16,true_model_uct,3 0 1 3 0 0 0 0 0 0 0 0 0 0 0 0,18.0,256.0,0.8333333333333334
-4.437960595412385,-13.994164535871144,9.55620394045876,0.6,0.0,0.0,1.0,-4.437960595412385,0.6,0.0,1.0,2.0,CliffWalking-v1,50,32,16,static_rollout_pool,0 1 0 1 1 1 2 1 1 1 1 1 1 1 2 0,,,
-4.950187166957342,-272.88041674102664,267.9302295740693,7.12,3.0,3.0,0.0,-4.950187166957342,7.12,3.0,0.0,2.0,CliffWalking-v1,50,32,16,uniform_static_pool,2 3 2 3 3 3 3 2 2 2 3 3 2 1 1 1,,,
-14.854222890512432,-14.854222890512432,0.0,0.64,0.0,0.0,0.0,-14.854222890512432,0.64,0.0,0.0,,CliffWalking-v1,50,32,16,uct_mcts,2 0 0 0 0 0 0 0 0 0 0 0 0 0 0 0,2.0,32.0,0.5
-18.419236384235422,-14.854222890512432,-3.56501349372299,0.64,0.0,0.0,0.0,-18.419236384235422,0.64,0.0,0.0,,CliffWalking-v1,50,32,16,uncertainty_mcts,2 0 0 0 0 0 0 0 0 0 0 0 0 0 0 0,2.0,32.0,0.5
-14.854222890512432,-14.854222890512432,0.0,0.64,0.0,0.0,0.0,-14.854222890512432,0.64,0.0,0.0,,CliffWalking-v1,50,32,16,true_model_uct,0 0 0 0 0 0 0 0 0 0 0 0 0 0 0 0,2.0,32.0,0.5
-2.497664111225779,-12.247897700103199,9.75023358887742,0.5199999999999999,0.0,0.0,1.0,-2.497664111225779,0.5199999999999999,0.0,1.0,4.0,CliffWalking-v1,50,64,16,static_rollout_pool,0 1 1 1 1 1 1 1 1 1 1 1 2 0 0 0,,,
-4.950187166957342,-272.88041674102664,267.9302295740693,7.12,3.0,3.0,0.0,-4.950187166957342,7.12,3.0,0.0,4.0,CliffWalking-v1,50,64,16,uniform_static_pool,2 3 2 3 3 3 3 2 2 2 3 3 2 1 1 1,,,
-14.854222890512432,-14.854222890512432,0.0,0.64,0.0,0.0,0.0,-14.854222890512432,0.64,0.0,0.0,,CliffWalking-v1,50,64,16,uct_mcts,3 0 0 0 0 0 0 0 0 0 0 0 0 0 0 0,4.0,64.0,0.25
-18.419236384235422,-14.854222890512432,-3.56501349372299,0.64,0.0,0.0,0.0,-18.419236384235422,0.64,0.0,0.0,,CliffWalking-v1,50,64,16,uncertainty_mcts,0 0 0 0 0 0 0 0 0 0 0 0 0 0 0 0,4.0,64.0,0.25
-14.854222890512432,-14.854222890512432,0.0,0.64,0.0,0.0,0.0,-14.854222890512432,0.64,0.0,0.0,,CliffWalking-v1,50,64,16,true_model_uct,0 0 0 0 0 0 0 0 0 0 0 0 0 0 0 0,4.0,64.0,0.25
-2.497664111225779,-12.247897700103199,9.75023358887742,0.5199999999999999,0.0,0.0,1.0,-2.497664111225779,0.5199999999999999,0.0,1.0,8.0,CliffWalking-v1,50,128,16,static_rollout_pool,0 1 1 1 1 1 1 1 1 1 1 1 2 0 0 0,,,
30.487975771388253,-737.2402219226433,767.7281976940316,28.719999999999995,13.0,8.0,0.0,30.487975771388253,28.719999999999995,13.0,0.0,8.0,CliffWalking-v1,50,128,16,uniform_static_pool,3 3 1 1 3 2 0 1 2 3 1 1 1 1 3 1,,,
-14.854222890512432,-14.854222890512432,0.0,0.64,0.0,0.0,0.0,-14.854222890512432,0.64,0.0,0.0,,CliffWalking-v1,50,128,16,uct_mcts,3 3 0 0 0 0 0 0 0 0 0 0 0 0 0 0,9.0,128.0,0.5555555555555556
-18.419236384235422,-14.854222890512432,-3.56501349372299,0.64,0.0,0.0,0.0,-18.419236384235422,0.64,0.0,0.0,,CliffWalking-v1,50,128,16,uncertainty_mcts,0 0 1 0 0 0 0 0 0 0 0 0 0 0 0 0,9.0,128.0,0.6666666666666666
-14.854222890512432,-14.854222890512432,0.0,0.64,0.0,0.0,0.0,-14.854222890512432,0.64,0.0,0.0,,CliffWalking-v1,50,128,16,true_model_uct,0 0 0 0 0 0 0 0 0 0 0 0 0 0 0 0,9.0,128.0,0.6666666666666666
-2.497664111225779,-12.247897700103199,9.75023358887742,0.5199999999999999,0.0,0.0,1.0,-2.497664111225779,0.5199999999999999,0.0,1.0,16.0,CliffWalking-v1,50,256,16,static_rollout_pool,0 1 1 1 1 1 1 1 1 1 1 1 2 0 0 0,,,
30.487975771388253,-737.2402219226433,767.7281976940316,28.719999999999995,13.0,8.0,0.0,30.487975771388253,28.719999999999995,13.0,0.0,16.0,CliffWalking-v1,50,256,16,uniform_static_pool,3 3 1 1 3 2 0 1 2 3 1 1 1 1 3 1,,,
-14.854222890512432,-14.854222890512432,0.0,0.64,0.0,0.0,0.0,-14.854222890512432,0.64,0.0,0.0,,CliffWalking-v1,50,256,16,uct_mcts,3 3 2 3 0 0 0 0 0 0 0 0 0 0 0 0,18.0,256.0,0.7777777777777778
-18.419236384235422,-14.854222890512432,-3.56501349372299,0.64,0.0,0.0,0.0,-18.419236384235422,0.64,0.0,0.0,,CliffWalking-v1,50,256,16,uncertainty_mcts,0 0 2 2 0 0 0 0 0 0 0 0 0 0 0 0,18.0,256.0,0.8333333333333334
-14.854222890512432,-14.854222890512432,0.0,0.64,0.0,0.0,0.0,-14.854222890512432,0.64,0.0,0.0,,CliffWalking-v1,50,256,16,true_model_uct,0 0 0 2 0 0 0 0 0 0 0 0 0 0 0 0,18.0,256.0,0.8333333333333334
4.089312529886478,-112.12541872310214,116.21473125298863,4.880000000000001,2.0,1.0,1.0,4.089312529886478,4.880000000000001,2.0,1.0,2.0,CliffWalking-v1,51,32,16,static_rollout_pool,1 0 1 1 1 1 1 1 1 1 1 1 1 2 0 0,,,
20.401408369879725,-293.65418410708304,314.0555924769628,22.239999999999995,10.0,3.0,0.0,20.401408369879725,22.239999999999995,10.0,0.0,2.0,CliffWalking-v1,51,32,16,uniform_static_pool,0 3 1 2 0 2 1 3 2 2 1 2 0 0 3 2,,,
-7.292222890512434,-113.8542228905124,106.56199999999997,4.960000000000001,2.0,1.0,0.0,-7.292222890512434,4.960000000000001,2.0,0.0,,CliffWalking-v1,51,32,16,uct_mcts,1 0 0 0 0 0 0 0 0 0 0 0 0 0 0 0,2.0,32.0,0.5
-18.419236384235422,-14.854222890512432,-3.56501349372299,0.64,0.0,0.0,0.0,-18.419236384235422,0.64,0.0,0.0,,CliffWalking-v1,51,32,16,uncertainty_mcts,2 0 0 0 0 0 0 0 0 0 0 0 0 0 0 0,2.0,32.0,0.5
-14.854222890512432,-14.854222890512432,0.0,0.64,0.0,0.0,0.0,-14.854222890512432,0.64,0.0,0.0,,CliffWalking-v1,51,32,16,true_model_uct,0 0 0 0 0 0 0 0 0 0 0 0 0 0 0 0,2.0,32.0,0.5
4.089312529886478,-112.12541872310214,116.21473125298863,4.880000000000001,2.0,1.0,1.0,4.089312529886478,4.880000000000001,2.0,1.0,4.0,CliffWalking-v1,51,64,16,static_rollout_pool,1 0 1 1 1 1 1 1 1 1 1 1 1 2 0 0,,,
20.401408369879725,-293.65418410708304,314.0555924769628,22.239999999999995,10.0,3.0,0.0,20.401408369879725,22.239999999999995,10.0,0.0,4.0,CliffWalking-v1,51,64,16,uniform_static_pool,0 3 1 2 0 2 1 3 2 2 1 2 0 0 3 2,,,
-7.292222890512434,-113.8542228905124,106.56199999999997,4.960000000000001,2.0,1.0,0.0,-7.292222890512434,4.960000000000001,2.0,0.0,,CliffWalking-v1,51,64,16,uct_mcts,1 0 0 0 0 0 0 0 0 0 0 0 0 0 0 0,4.0,64.0,0.25
-18.419236384235422,-14.854222890512432,-3.56501349372299,0.64,0.0,0.0,0.0,-18.419236384235422,0.64,0.0,0.0,,CliffWalking-v1,51,64,16,uncertainty_mcts,2 0 0 0 0 0 0 0 0 0 0 0 0 0 0 0,4.0,64.0,0.25
-14.854222890512432,-14.854222890512432,0.0,0.64,0.0,0.0,0.0,-14.854222890512432,0.64,0.0,0.0,,CliffWalking-v1,51,64,16,true_model_uct,3 0 0 0 0 0 0 0 0 0 0 0 0 0 0 0,4.0,64.0,0.25
4.089312529886478,-112.12541872310214,116.21473125298863,4.880000000000001,2.0,1.0,1.0,4.089312529886478,4.880000000000001,2.0,1.0,8.0,CliffWalking-v1,51,128,16,static_rollout_pool,1 0 1 1 1 1 1 1 1 1 1 1 1 2 0 0,,,
30.98620130779792,-392.88681910751023,423.87302041530813,28.719999999999995,13.0,4.0,0.0,30.98620130779792,28.719999999999995,13.0,0.0,8.0,CliffWalking-v1,51,128,16,uniform_static_pool,1 1 0 1 1 2 0 2 3 3 0 2 2 1 0 0,,,
0.11929330948756511,-211.86422289051248,211.98351620000005,9.27999999999999,4.0,2.0,0.0,0.11929330948756511,9.27999999999999,4.0,0.0,,CliffWalking-v1,51,128,16,uct_mcts,1 1 2 0 0 0 0 0 0 0 0 0 0 0 0 0,9.0,128.0,0.6666666666666666
-18.419236384235422,-14.854222890512432,-3.56501349372299,0.64,0.0,0.0,0.0,-18.419236384235422,0.64,0.0,0.0,,CliffWalking-v1,51,128,16,uncertainty_mcts,2 0 0 0 0 0 0 0 0 0 0 0 0 0 0 0,9.0,128.0,0.6666666666666666
-14.854222890512432,-14.854222890512432,0.0,0.64,0.0,0.0,0.0,-14.854222890512432,0.64,0.0,0.0,,CliffWalking-v1,51,128,16,true_model_uct,0 3 0 0 0 0 0 0 0 0 0 0 0 0 0 0,9.0,128.0,0.5555555555555556
4.089312529886478,-112.12541872310214,116.21473125298863,4.880000000000001,2.0,1.0,1.0,4.089312529886478,4.880000000000001,2.0,1.0,16.0,CliffWalking-v1,51,256,16,static_rollout_pool,1 0 1 1 1 1 1 1 1 1 1 1 1 2 0 0,,,
30.98620130779792,-392.88681910751023,423.87302041530813,28.719999999999995,13.0,4.0,0.0,30.98620130779792,28.719999999999995,13.0,0.0,16.0,CliffWalking-v1,51,256,16,uniform_static_pool,1 1 0 1 1 2 0 2 3 3 0 2 2 1 0 0,,,
3.7695581474875652,-211.86422289051248,215.63378103800005,11.43999999999999,5.0,2.0,0.0,3.7695581474875652,11.43999999999999,5.0,0.0,,CliffWalking-v1,51,256,16,uct_mcts,1 1 3 2 0 0 0 0 0 0 0 0 0 0 0 0,18.0,256.0,0.7777777777777778
-18.419236384235422,-14.854222890512432,-3.56501349372299,0.64,0.0,0.0,0.0,-18.419236384235422,0.64,0.0,0.0,,CliffWalking-v1,51,256,16,uncertainty_mcts,2 0 0 3 0 0 0 0 0 0 0 0 0 0 0 0,18.0,256.0,0.8333333333333334
-14.854222890512432,-14.854222890512432,0.0,0.64,0.0,0.0,0.0,-14.854222890512432,0.64,0.0,0.0,,CliffWalking-v1,51,256,16,true_model_uct,3 0 0 0 0 0 0 0 0 0 0 0 0 0 0 0,18.0,256.0,0.6666666666666666
-2.497664111225779,-12.247897700103199,9.75023358887742,0.5199999999999999,0.0,0.0,1.0,-2.497664111225779,0.5199999999999999,0.0,1.0,2.0,CliffWalking-v1,52,32,16,static_rollout_pool,0 1 1 1 1 1 1 1 1 1 1 1 2 0 0 0,,,
-14.854222890512432,-14.854222890512432,0.0,0.64,0.0,0.0,0.0,-14.854222890512432,0.64,0.0,0.0,2.0,CliffWalking-v1,52,32,16,uniform_static_pool,2 0 3 1 3 2 3 2 2 2 2 3 2 3 3 0,,,
-7.292222890512434,-113.8542228905124,106.56199999999997,4.960000000000001,2.0,1.0,0.0,-7.292222890512434,4.960000000000001,2.0,0.0,,CliffWalking-v1,52,32,16,uct_mcts,1 0 0 0 0 0 0 0 0 0 0 0 0 0 0 0,2.0,32.0,0.5
-18.419236384235422,-14.854222890512432,-3.56501349372299,0.64,0.0,0.0,0.0,-18.419236384235422,0.64,0.0,0.0,,CliffWalking-v1,52,32,16,uncertainty_mcts,0 0 0 0 0 0 0 0 0 0 0 0 0 0 0 0,2.0,32.0,0.5
-14.854222890512432,-14.854222890512432,0.0,0.64,0.0,0.0,0.0,-14.854222890512432,0.64,0.0,0.0,,CliffWalking-v1,52,32,16,true_model_uct,2 0 0 0 0 0 0 0 0 0 0 0 0 0 0 0,2.0,32.0,0.5
-2.497664111225779,-12.247897700103199,9.75023358887742,0.5199999999999999,0.0,0.0,1.0,-2.497664111225779,0.5199999999999999,0.0,1.0,4.0,CliffWalking-v1,52,64,16,static_rollout_pool,0 1 1 1 1 1 1 1 1 1 1 1 2 0 0 0,,,
16.978981026557495,-381.6918403659716,398.6708213925291,20.079999999999995,9.0,4.0,0.0,16.978981026557495,20.079999999999995,9.0,0.0,4.0,CliffWalking-v1,52,64,16,uniform_static_pool,2 1 3 3 3 1 0 2 3 3 1 3 2 3 3 1,,,
-7.292222890512434,-113.8542228905124,106.56199999999997,4.960000000000001,2.0,1.0,0.0,-7.292222890512434,4.960000000000001,2.0,0.0,,CliffWalking-v1,52,64,16,uct_mcts,1 0 0 0 0 0 0 0 0 0 0 0 0 0 0 0,4.0,64.0,0.25
-18.419236384235422,-14.854222890512432,-3.56501349372299,0.64,0.0,0.0,0.0,-18.419236384235422,0.64,0.0,0.0,,CliffWalking-v1,52,64,16,uncertainty_mcts,0 0 0 0 0 0 0 0 0 0 0 0 0 0 0 0,4.0,64.0,0.25
-14.854222890512432,-14.854222890512432,0.0,0.64,0.0,0.0,0.0,-14.854222890512432,0.64,0.0,0.0,,CliffWalking-v1,52,64,16,true_model_uct,0 0 0 0 0 0 0 0 0 0 0 0 0 0 0 0,4.0,64.0,0.25
-2.497664111225779,-12.247897700103199,9.75023358887742,0.5199999999999999,0.0,0.0,1.0,-2.497664111225779,0.5199999999999999,0.0,1.0,8.0,CliffWalking-v1,52,128,16,static_rollout_pool,0 1 1 1 1 1 1 1 1 1 1 1 2 0 0 0,,,
19.354280865814818,-459.1314842230153,478.48576508883014,22.24,10.0,5.0,0.0,19.354280865814818,22.24,10.0,0.0,8.0,CliffWalking-v1,52,128,16,uniform_static_pool,3 0 0 1 2 1 2 2 2 1 2 2 1 1 1 2,,,
-3.567842890512434,-113.8542228905124,110.28637999999997,7.120000000000001,3.0,1.0,0.0,-3.567842890512434,7.120000000000001,3.0,0.0,,CliffWalking-v1,52,128,16,uct_mcts,1 2 0 0 0 0 0 0 0 0 0 0 0 0 0 0,9.0,128.0,0.6666666666666666
-18.419236384235422,-14.854222890512432,-3.56501349372299,0.64,0.0,0.0,0.0,-18.419236384235422,0.64,0.0,0.0,,CliffWalking-v1,52,128,16,uncertainty_mcts,0 0 2 0 0 0 0 0 0 0 0 0 0 0 0 0,9.0,128.0,0.6666666666666666
-14.854222890512432,-14.854222890512432,0.0,0.64,0.0,0.0,0.0,-14.854222890512432,0.64,0.0,0.0,,CliffWalking-v1,52,128,16,true_model_uct,0 3 0 0 0 0 0 0 0 0 0 0 0 0 0 0,9.0,128.0,0.6666666666666666
-2.497664111225779,-12.247897700103199,9.75023358887742,0.5199999999999999,0.0,0.0,1.0,-2.497664111225779,0.5199999999999999,0.0,1.0,16.0,CliffWalking-v1,52,256,16,static_rollout_pool,0 1 1 1 1 1 1 1 1 1 1 1 2 0 0 0,,,
30.379559255434817,-386.1132538982093,416.4928131536441,28.719999999999995,13.0,4.0,0.0,30.379559255434817,28.719999999999995,13.0,0.0,16.0,CliffWalking-v1,52,256,16,uniform_static_pool,2 3 1 3 3 1 1 0 2 2 3 2 2 1 3 2,,,
0.11929330948756511,-211.86422289051248,211.98351620000005,9.27999999999999,4.0,2.0,0.0,0.11929330948756511,9.27999999999999,4.0,0.0,,CliffWalking-v1,52,256,16,uct_mcts,1 1 2 0 0 0 0 0 0 0 0 0 0 0 0 0,18.0,256.0,0.8333333333333334
-18.419236384235422,-14.854222890512432,-3.56501349372299,0.64,0.0,0.0,0.0,-18.419236384235422,0.64,0.0,0.0,,CliffWalking-v1,52,256,16,uncertainty_mcts,0 0 3 1 0 0 0 0 0 0 0 0 0 0 0 0,18.0,256.0,0.8333333333333334
-14.854222890512432,-14.854222890512432,0.0,0.64,0.0,0.0,0.0,-14.854222890512432,0.64,0.0,0.0,,CliffWalking-v1,52,256,16,true_model_uct,0 3 0 1 0 0 0 0 0 0 0 0 0 0 0 0,18.0,256.0,0.7777777777777778
-4.437960595412385,-13.994164535871144,9.55620394045876,0.6,0.0,0.0,1.0,-4.437960595412385,0.6,0.0,1.0,2.0,CliffWalking-v1,53,32,16,static_rollout_pool,0 1 1 1 1 1 1 1 3 1 1 1 1 1 2 0,,,
27.132029732562156,-560.9456191936499,588.0776489262121,26.559999999999995,12.0,6.0,0.0,27.132029732562156,26.559999999999995,12.0,0.0,2.0,CliffWalking-v1,53,32,16,uniform_static_pool,1 0 3 1 2 2 3 2 2 1 1 2 3 1 2 1,,,
-7.292222890512434,-113.8542228905124,106.56199999999997,4.960000000000001,2.0,1.0,0.0,-7.292222890512434,4.960000000000001,2.0,0.0,,CliffWalking-v1,53,32,16,uct_mcts,1 0 0 0 0 0 0 0 0 0 0 0 0 0 0 0,2.0,32.0,0.5
-18.419236384235422,-14.854222890512432,-3.56501349372299,0.64,0.0,0.0,0.0,-18.419236384235422,0.64,0.0,0.0,,CliffWalking-v1,53,32,16,uncertainty_mcts,3 0 0 0 0 0 0 0 0 0 0 0 0 0 0 0,2.0,32.0,0.5
-14.854222890512432,-14.854222890512432,0.0,0.64,0.0,0.0,0.0,-14.854222890512432,0.64,0.0,0.0,,CliffWalking-v1,53,32,16,true_model_uct,0 0 0 0 0 0 0 0 0 0 0 0 0 0 0 0,2.0,32.0,0.5
-4.437960595412385,-13.994164535871144,9.55620394045876,0.6,0.0,0.0,1.0,-4.437960595412385,0.6,0.0,1.0,4.0,CliffWalking-v1,53,64,16,static_rollout_pool,0 1 1 1 1 1 1 1 3 1 1 1 1 1 2 0,,,
27.132029732562156,-560.9456191936499,588.0776489262121,26.559999999999995,12.0,6.0,0.0,27.132029732562156,26.559999999999995,12.0,0.0,4.0,CliffWalking-v1,53,64,16,uniform_static_pool,1 0 3 1 2 2 3 2 2 1 1 2 3 1 2 1,,,
-7.292222890512434,-113.8542228905124,106.56199999999997,4.960000000000001,2.0,1.0,0.0,-7.292222890512434,4.960000000000001,2.0,0.0,,CliffWalking-v1,53,64,16,uct_mcts,1 0 0 0 0 0 0 0 0 0 0 0 0 0 0 0,4.0,64.0,0.25
-18.419236384235422,-14.854222890512432,-3.56501349372299,0.64,0.0,0.0,0.0,-18.419236384235422,0.64,0.0,0.0,,CliffWalking-v1,53,64,16,uncertainty_mcts,0 0 0 0 0 0 0 0 0 0 0 0 0 0 0 0,4.0,64.0,0.25
-14.854222890512432,-14.854222890512432,0.0,0.64,0.0,0.0,0.0,-14.854222890512432,0.64,0.0,0.0,,CliffWalking-v1,53,64,16,true_model_uct,0 0 0 0 0 0 0 0 0 0 0 0 0 0 0 0,4.0,64.0,0.25
-2.497664111225779,-12.247897700103199,9.75023358887742,0.5199999999999999,0.0,0.0,1.0,-2.497664111225779,0.5199999999999999,0.0,1.0,8.0,CliffWalking-v1,53,128,16,static_rollout_pool,0 1 1 1 1 1 1 1 1 1 1 1 2 0 0 0,,,
35.0223682572758,-393.5967998341849,428.61916809146066,30.879999999999992,14.0,4.0,0.0,35.0223682572758,30.879999999999992,14.0,0.0,8.0,CliffWalking-v1,53,128,16,uniform_static_pool,1 3 1 0 2 2 3 1 2 1 2 0 2 0 1 3,,,
-7.292222890512434,-113.8542228905124,106.56199999999997,4.960000000000001,2.0,1.0,0.0,-7.292222890512434,4.960000000000001,2.0,0.0,,CliffWalking-v1,53,128,16,uct_mcts,1 0 0 0 0 0 0 0 0 0 0 0 0 0 0 0,9.0,128.0,0.6666666666666666
-18.419236384235422,-14.854222890512432,-3.56501349372299,0.64,0.0,0.0,0.0,-18.419236384235422,0.64,0.0,0.0,,CliffWalking-v1,53,128,16,uncertainty_mcts,0 1 3 0 0 0 0 0 0 0 0 0 0 0 0 0,9.0,128.0,0.6666666666666666
-14.854222890512432,-14.854222890512432,0.0,0.64,0.0,0.0,0.0,-14.854222890512432,0.64,0.0,0.0,,CliffWalking-v1,53,128,16,true_model_uct,2 3 0 0 0 0 0 0 0 0 0 0 0 0 0 0,9.0,128.0,0.4444444444444444
-2.497664111225779,-12.247897700103199,9.75023358887742,0.5199999999999999,0.0,0.0,1.0,-2.497664111225779,0.5199999999999999,0.0,1.0,16.0,CliffWalking-v1,53,256,16,static_rollout_pool,0 1 1 1 1 1 1 1 1 1 1 1 2 0 0 0,,,
35.0223682572758,-393.5967998341849,428.61916809146066,30.879999999999992,14.0,4.0,0.0,35.0223682572758,30.879999999999992,14.0,0.0,16.0,CliffWalking-v1,53,256,16,uniform_static_pool,1 3 1 0 2 2 3 1 2 1 2 0 2 0 1 3,,,
3.7695581474875652,-308.89412289051245,312.663681038,11.43999999999999,5.0,3.0,0.0,3.7695581474875652,11.43999999999999,5.0,0.0,,CliffWalking-v1,53,256,16,uct_mcts,1 1 1 3 0 0 0 0 0 0 0 0 0 0 0 0,18.0,256.0,0.8333333333333334
-18.419236384235422,-14.854222890512432,-3.56501349372299,0.64,0.0,0.0,0.0,-18.419236384235422,0.64,0.0,0.0,,CliffWalking-v1,53,256,16,uncertainty_mcts,0 1 0 1 0 0 0 0 0 0 0 0 0 0 0 0,18.0,256.0,0.8333333333333334
-14.854222890512432,-14.854222890512432,0.0,0.64,0.0,0.0,0.0,-14.854222890512432,0.64,0.0,0.0,,CliffWalking-v1,53,256,16,true_model_uct,0 2 0 0 0 0 0 0 0 0 0 0 0 0 0 0,18.0,256.0,0.4444444444444444
-2.497664111225779,-12.247897700103199,9.75023358887742,0.5199999999999999,0.0,0.0,1.0,-2.497664111225779,0.5199999999999999,0.0,1.0,2.0,CliffWalking-v1,54,32,16,static_rollout_pool,0 1 1 1 1 1 1 1 1 1 1 1 2 0 0 0,,,
3.5833203371075637,-209.89412289051248,213.47744322762003,11.43999999999999,5.0,2.0,0.0,3.5833203371075637,11.43999999999999,5.0,0.0,2.0,CliffWalking-v1,54,32,16,uniform_static_pool,3 1 1 2 3 3 2 2 2 2 0 0 3 1 3 3,,,
-7.292222890512434,-113.8542228905124,106.56199999999997,4.960000000000001,2.0,1.0,0.0,-7.292222890512434,4.960000000000001,2.0,0.0,,CliffWalking-v1,54,32,16,uct_mcts,1 0 0 0 0 0 0 0 0 0 0 0 0 0 0 0,2.0,32.0,0.5
-18.419236384235422,-14.854222890512432,-3.56501349372299,0.64,0.0,0.0,0.0,-18.419236384235422,0.64,0.0,0.0,,CliffWalking-v1,54,32,16,uncertainty_mcts,2 0 0 0 0 0 0 0 0 0 0 0 0 0 0 0,2.0,32.0,0.5
-14.854222890512432,-14.854222890512432,0.0,0.64,0.0,0.0,0.0,-14.854222890512432,0.64,0.0,0.0,,CliffWalking-v1,54,32,16,true_model_uct,3 0 0 0 0 0 0 0 0 0 0 0 0 0 0 0,2.0,32.0,0.5
-2.497664111225779,-12.247897700103199,9.75023358887742,0.5199999999999999,0.0,0.0,1.0,-2.497664111225779,0.5199999999999999,0.0,1.0,4.0,CliffWalking-v1,54,64,16,static_rollout_pool,0 1 1 1 1 1 1 1 1 1 1 1 2 0 0 0,,,
24.50272455596531,-388.2548123620221,412.7575369179874,24.39999999999999,11.0,4.0,0.0,24.50272455596531,24.39999999999999,11.0,0.0,4.0,CliffWalking-v1,54,64,16,uniform_static_pool,1 1 0 2 2 2 0 0 2 3 2 1 1 0 0 3,,,
-7.292222890512434,-113.8542228905124,106.56199999999997,4.960000000000001,2.0,1.0,0.0,-7.292222890512434,4.960000000000001,2.0,0.0,,CliffWalking-v1,54,64,16,uct_mcts,1 0 0 0 0 0 0 0 0 0 0 0 0 0 0 0,4.0,64.0,0.25
-18.419236384235422,-14.854222890512432,-3.56501349372299,0.64,0.0,0.0,0.0,-18.419236384235422,0.64,0.0,0.0,,CliffWalking-v1,54,64,16,uncertainty_mcts,0 0 0 0 0 0 0 0 0 0 0 0 0 0 0 0,4.0,64.0,0.25
-14.854222890512432,-14.854222890512432,0.0,0.64,0.0,0.0,0.0,-14.854222890512432,0.64,0.0,0.0,,CliffWalking-v1,54,64,16,true_model_uct,3 0 0 0 0 0 0 0 0 0 0 0 0 0 0 0,4.0,64.0,0.25
-2.497664111225779,-12.247897700103199,9.75023358887742,0.5199999999999999,0.0,0.0,1.0,-2.497664111225779,0.5199999999999999,0.0,1.0,8.0,CliffWalking-v1,54,128,16,static_rollout_pool,0 1 1 1 1 1 1 1 1 1 1 1 2 0 0 0,,,
24.50272455596531,-388.2548123620221,412.7575369179874,24.39999999999999,11.0,4.0,0.0,24.50272455596531,24.39999999999999,11.0,0.0,8.0,CliffWalking-v1,54,128,16,uniform_static_pool,1 1 0 2 2 2 0 0 2 3 2 1 1 0 0 3,,,
-3.567842890512434,-211.86422289051248,208.29638000000006,7.120000000000001,3.0,2.0,0.0,-3.567842890512434,7.120000000000001,3.0,0.0,,CliffWalking-v1,54,128,16,uct_mcts,1 1 0 0 0 0 0 0 0 0 0 0 0 0 0 0,9.0,128.0,0.6666666666666666
-18.419236384235422,-14.854222890512432,-3.56501349372299,0.64,0.0,0.0,0.0,-18.419236384235422,0.64,0.0,0.0,,CliffWalking-v1,54,128,16,uncertainty_mcts,0 0 2 0 0 0 0 0 0 0 0 0 0 0 0 0,9.0,128.0,0.6666666666666666
-14.854222890512432,-14.854222890512432,0.0,0.64,0.0,0.0,0.0,-14.854222890512432,0.64,0.0,0.0,,CliffWalking-v1,54,128,16,true_model_uct,3 0 0 0 0 0 0 0 0 0 0 0 0 0 0 0,9.0,128.0,0.5555555555555556
-2.497664111225779,-12.247897700103199,9.75023358887742,0.5199999999999999,0.0,0.0,1.0,-2.497664111225779,0.5199999999999999,0.0,1.0,16.0,CliffWalking-v1,54,256,16,static_rollout_pool,0 1 1 1 1 1 1 1 1 1 1 1 2 0 0 0,,,
24.50272455596531,-388.2548123620221,412.7575369179874,24.39999999999999,11.0,4.0,0.0,24.50272455596531,24.39999999999999,11.0,0.0,16.0,CliffWalking-v1,54,256,16,uniform_static_pool,1 1 0 2 2 2 0 0 2 3 2 1 1 0 0 3,,,
3.7695581474875652,-307.92382389051244,311.693382038,11.43999999999999,5.0,3.0,0.0,3.7695581474875652,11.43999999999999,5.0,0.0,,CliffWalking-v1,54,256,16,uct_mcts,1 1 3 1 0 0 0 0 0 0 0 0 0 0 0 0,18.0,256.0,0.8333333333333334
-18.419236384235422,-14.854222890512432,-3.56501349372299,0.64,0.0,0.0,0.0,-18.419236384235422,0.64,0.0,0.0,,CliffWalking-v1,54,256,16,uncertainty_mcts,0 2 0 0 0 0 0 0 0 0 0 0 0 0 0 0,18.0,256.0,0.8333333333333334
-14.854222890512432,-14.854222890512432,0.0,0.64,0.0,0.0,0.0,-14.854222890512432,0.64,0.0,0.0,,CliffWalking-v1,54,256,16,true_model_uct,3 0 1 0 0 0 0 0 0 0 0 0 0 0 0 0,18.0,256.0,0.7777777777777778
-3.47268747011352,-13.125418723102166,9.652731252988646,0.5599999999999999,0.0,0.0,1.0,-3.47268747011352,0.5599999999999999,0.0,1.0,2.0,CliffWalking-v1,55,32,16,static_rollout_pool,0 1 1 1 1 1 1 1 1 1 1 1 1 2 0 0,,,
-1.3124432393784877,-104.38804831638404,103.07560507700556,9.28,4.0,1.0,0.0,-1.3124432393784877,9.28,4.0,0.0,2.0,CliffWalking-v1,55,32,16,uniform_static_pool,3 3 0 1 1 3 0 3 2 1 2 0 2 3 0 3,,,
-14.854222890512432,-14.854222890512432,0.0,0.64,0.0,0.0,0.0,-14.854222890512432,0.64,0.0,0.0,,CliffWalking-v1,55,32,16,uct_mcts,3 0 0 0 0 0 0 0 0 0 0 0 0 0 0 0,2.0,32.0,0.5
-18.419236384235422,-14.854222890512432,-3.56501349372299,0.64,0.0,0.0,0.0,-18.419236384235422,0.64,0.0,0.0,,CliffWalking-v1,55,32,16,uncertainty_mcts,0 0 0 0 0 0 0 0 0 0 0 0 0 0 0 0,2.0,32.0,0.5
-14.854222890512432,-14.854222890512432,0.0,0.64,0.0,0.0,0.0,-14.854222890512432,0.64,0.0,0.0,,CliffWalking-v1,55,32,16,true_model_uct,2 0 0 0 0 0 0 0 0 0 0 0 0 0 0 0,2.0,32.0,0.5
-2.497664111225779,-12.247897700103199,9.75023358887742,0.5199999999999999,0.0,0.0,1.0,-2.497664111225779,0.5199999999999999,0.0,1.0,4.0,CliffWalking-v1,55,64,16,static_rollout_pool,0 1 1 1 1 1 1 1 1 1 1 1 2 0 0 0,,,
34.141559255434814,-648.5929933855582,682.734552640993,30.879999999999995,14.0,7.0,0.0,34.141559255434814,30.879999999999995,14.0,0.0,4.0,CliffWalking-v1,55,64,16,uniform_static_pool,3 1 2 0 1 2 2 1 3 2 1 3 1 1 3 1,,,
-14.854222890512432,-14.854222890512432,0.0,0.64,0.0,0.0,0.0,-14.854222890512432,0.64,0.0,0.0,,CliffWalking-v1,55,64,16,uct_mcts,2 0 0 0 0 0 0 0 0 0 0 0 0 0 0 0,4.0,64.0,0.25
-18.419236384235422,-14.854222890512432,-3.56501349372299,0.64,0.0,0.0,0.0,-18.419236384235422,0.64,0.0,0.0,,CliffWalking-v1,55,64,16,uncertainty_mcts,0 0 0 0 0 0 0 0 0 0 0 0 0 0 0 0,4.0,64.0,0.25
-14.854222890512432,-14.854222890512432,0.0,0.64,0.0,0.0,0.0,-14.854222890512432,0.64,0.0,0.0,,CliffWalking-v1,55,64,16,true_model_uct,2 0 0 0 0 0 0 0 0 0 0 0 0 0 0 0,4.0,64.0,0.25
-2.497664111225779,-12.247897700103199,9.75023358887742,0.5199999999999999,0.0,0.0,1.0,-2.497664111225779,0.5199999999999999,0.0,1.0,8.0,CliffWalking-v1,55,128,16,static_rollout_pool,0 1 1 1 1 1 1 1 1 1 1 1 2 0 0 0,,,
34.141559255434814,-648.5929933855582,682.734552640993,30.879999999999995,14.0,7.0,0.0,34.141559255434814,30.879999999999995,14.0,0.0,8.0,CliffWalking-v1,55,128,16,uniform_static_pool,3 1 2 0 1 2 2 1 3 2 1 3 1 1 3 1,,,
-14.854222890512432,-14.854222890512432,0.0,0.64,0.0,0.0,0.0,-14.854222890512432,0.64,0.0,0.0,,CliffWalking-v1,55,128,16,uct_mcts,2 3 0 0 0 0 0 0 0 0 0 0 0 0 0 0,9.0,128.0,0.6666666666666666
-18.419236384235422,-14.854222890512432,-3.56501349372299,0.64,0.0,0.0,0.0,-18.419236384235422,0.64,0.0,0.0,,CliffWalking-v1,55,128,16,uncertainty_mcts,0 2 0 0 0 0 0 0 0 0 0 0 0 0 0 0,9.0,128.0,0.6666666666666666
-14.854222890512432,-14.854222890512432,0.0,0.64,0.0,0.0,0.0,-14.854222890512432,0.64,0.0,0.0,,CliffWalking-v1,55,128,16,true_model_uct,3 3 0 0 0 0 0 0 0 0 0 0 0 0 0 0,9.0,128.0,0.5555555555555556
-2.497664111225779,-12.247897700103199,9.75023358887742,0.5199999999999999,0.0,0.0,1.0,-2.497664111225779,0.5199999999999999,0.0,1.0,16.0,CliffWalking-v1,55,256,16,static_rollout_pool,0 1 1 1 1 1 1 1 1 1 1 1 2 0 0 0,,,
37.79182409343481,-942.2181146351008,980.0099387285356,33.03999999999999,15.0,10.0,0.0,37.79182409343481,33.03999999999999,15.0,0.0,16.0,CliffWalking-v1,55,256,16,uniform_static_pool,3 1 1 1 1 1 1 1 3 2 3 1 1 0 2 1,,,
-0.030441852512435585,-208.92382389051247,208.89338203800003,9.27999999999999,4.0,2.0,0.0,-0.030441852512435585,9.27999999999999,4.0,0.0,,CliffWalking-v1,55,256,16,uct_mcts,2 1 2 1 0 0 0 0 0 0 0 0 0 0 0 0,18.0,256.0,0.8333333333333334
-18.419236384235422,-14.854222890512432,-3.56501349372299,0.64,0.0,0.0,0.0,-18.419236384235422,0.64,0.0,0.0,,CliffWalking-v1,55,256,16,uncertainty_mcts,0 2 2 2 0 0 0 0 0 0 0 0 0 0 0 0,18.0,256.0,0.8333333333333334
-14.854222890512432,-14.854222890512432,0.0,0.64,0.0,0.0,0.0,-14.854222890512432,0.64,0.0,0.0,,CliffWalking-v1,55,256,16,true_model_uct,3 2 0 0 0 0 0 0 0 0 0 0 0 0 0 0,18.0,256.0,0.7777777777777778
-2.497664111225779,-12.247897700103199,9.75023358887742,0.5199999999999999,0.0,0.0,1.0,-2.497664111225779,0.5199999999999999,0.0,1.0,2.0,CliffWalking-v1,56,32,16,static_rollout_pool,0 1 1 1 1 1 1 1 1 1 1 1 2 0 0 0,,,
21.48058860614185,-779.6817480541035,801.1623366602454,22.23999999999999,10.0,8.0,0.0,21.48058860614185,22.23999999999999,10.0,0.0,2.0,CliffWalking-v1,56,32,16,uniform_static_pool,1 1 1 1 1 1 1 1 3 0 0 1 2 0 3 2,,,
-14.854222890512432,-14.854222890512432,0.0,0.64,0.0,0.0,0.0,-14.854222890512432,0.64,0.0,0.0,,CliffWalking-v1,56,32,16,uct_mcts,0 0 0 0 0 0 0 0 0 0 0 0 0 0 0 0,2.0,32.0,0.5
-36.64763638423542,-113.8542228905124,77.20658650627698,4.960000000000001,2.0,1.0,0.0,-36.64763638423542,4.960000000000001,2.0,0.0,,CliffWalking-v1,56,32,16,uncertainty_mcts,1 0 0 0 0 0 0 0 0 0 0 0 0 0 0 0,2.0,32.0,0.5
-14.854222890512432,-14.854222890512432,0.0,0.64,0.0,0.0,0.0,-14.854222890512432,0.64,0.0,0.0,,CliffWalking-v1,56,32,16,true_model_uct,2 0 0 0 0 0 0 0 0 0 0 0 0 0 0 0,2.0,32.0,0.5
-2.497664111225779,-12.247897700103199,9.75023358887742,0.5199999999999999,0.0,0.0,1.0,-2.497664111225779,0.5199999999999999,0.0,1.0,4.0,CliffWalking-v1,56,64,16,static_rollout_pool,0 1 1 1 1 1 1 1 1 1 1 1 2 0 0 0,,,
21.48058860614185,-779.6817480541035,801.1623366602454,22.23999999999999,10.0,8.0,0.0,21.48058860614185,22.23999999999999,10.0,0.0,4.0,CliffWalking-v1,56,64,16,uniform_static_pool,1 1 1 1 1 1 1 1 3 0 0 1 2 0 3 2,,,
-7.292222890512434,-113.8542228905124,106.56199999999997,4.960000000000001,2.0,1.0,0.0,-7.292222890512434,4.960000000000001,2.0,0.0,,CliffWalking-v1,56,64,16,uct_mcts,1 0 0 0 0 0 0 0 0 0 0 0 0 0 0 0,4.0,64.0,0.25
-18.419236384235422,-14.854222890512432,-3.56501349372299,0.64,0.0,0.0,0.0,-18.419236384235422,0.64,0.0,0.0,,CliffWalking-v1,56,64,16,uncertainty_mcts,2 0 0 0 0 0 0 0 0 0 0 0 0 0 0 0,4.0,64.0,0.25
-113.8542228905124,-113.8542228905124,0.0,0.64,0.0,1.0,0.0,-113.8542228905124,0.64,0.0,0.0,,CliffWalking-v1,56,64,16,true_model_uct,1 0 0 0 0 0 0 0 0 0 0 0 0 0 0 0,4.0,64.0,0.25
-2.497664111225779,-12.247897700103199,9.75023358887742,0.5199999999999999,0.0,0.0,1.0,-2.497664111225779,0.5199999999999999,0.0,1.0,8.0,CliffWalking-v1,56,128,16,static_rollout_pool,0 1 1 1 1 1 1 1 1 1 1 1 2 0 0 0,,,
21.48058860614185,-779.6817480541035,801.1623366602454,22.23999999999999,10.0,8.0,0.0,21.48058860614185,22.23999999999999,10.0,0.0,8.0,CliffWalking-v1,56,128,16,uniform_static_pool,1 1 1 1 1 1 1 1 3 0 0 1 2 0 3 2,,,
-7.292222890512434,-113.8542228905124,106.56199999999997,4.960000000000001,2.0,1.0,0.0,-7.292222890512434,4.960000000000001,2.0,0.0,,CliffWalking-v1,56,128,16,uct_mcts,1 0 0 0 0 0 0 0 0 0 0 0 0 0 0 0,9.0,128.0,0.6666666666666666
-18.419236384235422,-14.854222890512432,-3.56501349372299,0.64,0.0,0.0,0.0,-18.419236384235422,0.64,0.0,0.0,,CliffWalking-v1,56,128,16,uncertainty_mcts,2 3 3 0 0 0 0 0 0 0 0 0 0 0 0 0,9.0,128.0,0.6666666666666666
-14.854222890512432,-14.854222890512432,0.0,0.64,0.0,0.0,0.0,-14.854222890512432,0.64,0.0,0.0,,CliffWalking-v1,56,128,16,true_model_uct,2 0 0 0 0 0 0 0 0 0 0 0 0 0 0 0,9.0,128.0,0.4444444444444444
-2.497664111225779,-12.247897700103199,9.75023358887742,0.5199999999999999,0.0,0.0,1.0,-2.497664111225779,0.5199999999999999,0.0,1.0,16.0,CliffWalking-v1,56,256,16,static_rollout_pool,0 1 1 1 1 1 1 1 1 1 1 1 2 0 0 0,,,
21.48058860614185,-779.6817480541035,801.1623366602454,22.23999999999999,10.0,8.0,0.0,21.48058860614185,22.23999999999999,10.0,0.0,16.0,CliffWalking-v1,56,256,16,uniform_static_pool,1 1 1 1 1 1 1 1 3 0 0 1 2 0 3 2,,,
0.11929330948756511,-210.8841228905125,211.00341620000006,9.27999999999999,4.0,2.0,0.0,0.11929330948756511,9.27999999999999,4.0,0.0,,CliffWalking-v1,56,256,16,uct_mcts,1 2 1 0 0 0 0 0 0 0 0 0 0 0 0 0,18.0,256.0,0.7777777777777778
-18.419236384235422,-14.854222890512432,-3.56501349372299,0.64,0.0,0.0,0.0,-18.419236384235422,0.64,0.0,0.0,,CliffWalking-v1,56,256,16,uncertainty_mcts,2 2 0 1 0 0 0 0 0 0 0 0 0 0 0 0,18.0,256.0,0.8333333333333334
-14.854222890512432,-14.854222890512432,0.0,0.64,0.0,0.0,0.0,-14.854222890512432,0.64,0.0,0.0,,CliffWalking-v1,56,256,16,true_model_uct,2 3 0 3 0 0 0 0 0 0 0 0 0 0 0 0,18.0,256.0,0.6111111111111112
-2.497664111225779,-12.247897700103199,9.75023358887742,0.5199999999999999,0.0,0.0,1.0,-2.497664111225779,0.5199999999999999,0.0,1.0,2.0,CliffWalking-v1,57,32,16,static_rollout_pool,0 1 1 1 1 1 1 1 1 1 1 1 2 0 0 0,,,
9.420791840011873,-198.53606325648408,207.95685509649596,15.759999999999998,7.0,2.0,0.0,9.420791840011873,15.759999999999998,7.0,0.0,2.0,CliffWalking-v1,57,32,16,uniform_static_pool,0 3 0 1 2 2 2 3 0 2 1 2 2 0 0 2,,,
-14.854222890512432,-14.854222890512432,0.0,0.64,0.0,0.0,0.0,-14.854222890512432,0.64,0.0,0.0,,CliffWalking-v1,57,32,16,uct_mcts,2 0 0 0 0 0 0 0 0 0 0 0 0 0 0 0,2.0,32.0,0.5
-18.419236384235422,-14.854222890512432,-3.56501349372299,0.64,0.0,0.0,0.0,-18.419236384235422,0.64,0.0,0.0,,CliffWalking-v1,57,32,16,uncertainty_mcts,0 0 0 0 0 0 0 0 0 0 0 0 0 0 0 0,2.0,32.0,0.5
-14.854222890512432,-14.854222890512432,0.0,0.64,0.0,0.0,0.0,-14.854222890512432,0.64,0.0,0.0,,CliffWalking-v1,57,32,16,true_model_uct,2 0 0 0 0 0 0 0 0 0 0 0 0 0 0 0,2.0,32.0,0.5
-2.497664111225779,-12.247897700103199,9.75023358887742,0.5199999999999999,0.0,0.0,1.0,-2.497664111225779,0.5199999999999999,0.0,1.0,4.0,CliffWalking-v1,57,64,16,static_rollout_pool,0 1 1 1 1 1 1 1 1 1 1 1 2 0 0 0,,,
9.420791840011873,-198.53606325648408,207.95685509649596,15.759999999999998,7.0,2.0,0.0,9.420791840011873,15.759999999999998,7.0,0.0,4.0,CliffWalking-v1,57,64,16,uniform_static_pool,0 3 0 1 2 2 2 3 0 2 1 2 2 0 0 2,,,
-7.292222890512434,-113.8542228905124,106.56199999999997,4.960000000000001,2.0,1.0,0.0,-7.292222890512434,4.960000000000001,2.0,0.0,,CliffWalking-v1,57,64,16,uct_mcts,1 0 0 0 0 0 0 0 0 0 0 0 0 0 0 0,4.0,64.0,0.25
-18.419236384235422,-14.854222890512432,-3.56501349372299,0.64,0.0,0.0,0.0,-18.419236384235422,0.64,0.0,0.0,,CliffWalking-v1,57,64,16,uncertainty_mcts,0 0 0 0 0 0 0 0 0 0 0 0 0 0 0 0,4.0,64.0,0.25
-14.854222890512432,-14.854222890512432,0.0,0.64,0.0,0.0,0.0,-14.854222890512432,0.64,0.0,0.0,,CliffWalking-v1,57,64,16,true_model_uct,2 0 0 0 0 0 0 0 0 0 0 0 0 0 0 0,4.0,64.0,0.25
-2.497664111225779,-12.247897700103199,9.75023358887742,0.5199999999999999,0.0,0.0,1.0,-2.497664111225779,0.5199999999999999,0.0,1.0,8.0,CliffWalking-v1,57,128,16,static_rollout_pool,0 1 1 1 1 1 1 1 1 1 1 1 2 0 0 0,,,
17.27224906303694,-391.95955935464127,409.2318084176782,20.07999999999999,9.0,4.0,0.0,17.27224906303694,20.07999999999999,9.0,0.0,8.0,CliffWalking-v1,57,128,16,uniform_static_pool,3 1 1 1 3 3 2 3 3 2 3 3 2 3 1 0,,,
-7.292222890512434,-113.8542228905124,106.56199999999997,4.960000000000001,2.0,1.0,0.0,-7.292222890512434,4.960000000000001,2.0,0.0,,CliffWalking-v1,57,128,16,uct_mcts,1 3 0 0 0 0 0 0 0 0 0 0 0 0 0 0,9.0,128.0,0.4444444444444444
-18.419236384235422,-14.854222890512432,-3.56501349372299,0.64,0.0,0.0,0.0,-18.419236384235422,0.64,0.0,0.0,,CliffWalking-v1,57,128,16,uncertainty_mcts,2 0 0 0 0 0 0 0 0 0 0 0 0 0 0 0,9.0,128.0,0.5555555555555556
-14.854222890512432,-14.854222890512432,0.0,0.64,0.0,0.0,0.0,-14.854222890512432,0.64,0.0,0.0,,CliffWalking-v1,57,128,16,true_model_uct,2 0 0 0 0 0 0 0 0 0 0 0 0 0 0 0,9.0,128.0,0.6666666666666666
-2.497664111225779,-12.247897700103199,9.75023358887742,0.5199999999999999,0.0,0.0,1.0,-2.497664111225779,0.5199999999999999,0.0,1.0,16.0,CliffWalking-v1,57,256,16,static_rollout_pool,0 1 1 1 1 1 1 1 1 1 1 1 2 0 0 0,,,
20.554382064557498,-476.7713413659716,497.3257234305291,22.239999999999995,10.0,5.0,0.0,20.554382064557498,22.239999999999995,10.0,0.0,16.0,CliffWalking-v1,57,256,16,uniform_static_pool,0 1 2 1 3 1 2 2 0 1 2 0 3 3 1 2,,,
3.7695581474875652,-211.86422289051248,215.63378103800005,11.43999999999999,5.0,2.0,0.0,3.7695581474875652,11.43999999999999,5.0,0.0,,CliffWalking-v1,57,256,16,uct_mcts,1 1 3 2 0 0 0 0 0 0 0 0 0 0 0 0,18.0,256.0,0.6666666666666666
-18.419236384235422,-14.854222890512432,-3.56501349372299,0.64,0.0,0.0,0.0,-18.419236384235422,0.64,0.0,0.0,,CliffWalking-v1,57,256,16,uncertainty_mcts,0 0 0 2 0 0 0 0 0 0 0 0 0 0 0 0,18.0,256.0,0.7222222222222222
-14.854222890512432,-14.854222890512432,0.0,0.64,0.0,0.0,0.0,-14.854222890512432,0.64,0.0,0.0,,CliffWalking-v1,57,256,16,true_model_uct,2 0 0 0 0 0 0 0 0 0 0 0 0 0 0 0,18.0,256.0,0.8333333333333334
-4.437960595412385,-13.994164535871144,9.55620394045876,0.6,0.0,0.0,1.0,-4.437960595412385,0.6,0.0,1.0,2.0,CliffWalking-v1,58,32,16,static_rollout_pool,0 1 1 1 1 1 1 1 1 1 1 1 3 1 2 0,,,
10.169492783535777,-200.52261006212532,210.6921028456611,15.759999999999994,7.0,2.0,0.0,10.169492783535777,15.759999999999994,7.0,0.0,2.0,CliffWalking-v1,58,32,16,uniform_static_pool,2 2 1 2 2 2 3 3 0 3 1 2 3 0 1 0,,,
-7.292222890512434,-113.8542228905124,106.56199999999997,4.960000000000001,2.0,1.0,0.0,-7.292222890512434,4.960000000000001,2.0,0.0,,CliffWalking-v1,58,32,16,uct_mcts,1 0 0 0 0 0 0 0 0 0 0 0 0 0 0 0,2.0,32.0,0.5
-18.419236384235422,-14.854222890512432,-3.56501349372299,0.64,0.0,0.0,0.0,-18.419236384235422,0.64,0.0,0.0,,CliffWalking-v1,58,32,16,uncertainty_mcts,2 0 0 0 0 0 0 0 0 0 0 0 0 0 0 0,2.0,32.0,0.5
-14.854222890512432,-14.854222890512432,0.0,0.64,0.0,0.0,0.0,-14.854222890512432,0.64,0.0,0.0,,CliffWalking-v1,58,32,16,true_model_uct,0 0 0 0 0 0 0 0 0 0 0 0 0 0 0 0,2.0,32.0,0.5
-2.497664111225779,-12.247897700103199,9.75023358887742,0.5199999999999999,0.0,0.0,1.0,-2.497664111225779,0.5199999999999999,0.0,1.0,4.0,CliffWalking-v1,58,64,16,static_rollout_pool,0 1 1 1 1 1 1 1 1 1 1 1 2 0 0 0,,,
27.165921364838358,-304.9931278805124,332.1590492453508,26.55999999999999,12.0,3.0,0.0,27.165921364838358,26.55999999999999,12.0,0.0,4.0,CliffWalking-v1,58,64,16,uniform_static_pool,2 1 1 3 1 0 0 2 3 2 2 2 0 2 2 0,,,
-7.292222890512434,-113.8542228905124,106.56199999999997,4.960000000000001,2.0,1.0,0.0,-7.292222890512434,4.960000000000001,2.0,0.0,,CliffWalking-v1,58,64,16,uct_mcts,1 0 0 0 0 0 0 0 0 0 0 0 0 0 0 0,4.0,64.0,0.25
-18.419236384235422,-14.854222890512432,-3.56501349372299,0.64,0.0,0.0,0.0,-18.419236384235422,0.64,0.0,0.0,,CliffWalking-v1,58,64,16,uncertainty_mcts,2 0 0 0 0 0 0 0 0 0 0 0 0 0 0 0,4.0,64.0,0.25
-14.854222890512432,-14.854222890512432,0.0,0.64,0.0,0.0,0.0,-14.854222890512432,0.64,0.0,0.0,,CliffWalking-v1,58,64,16,true_model_uct,0 0 0 0 0 0 0 0 0 0 0 0 0 0 0 0,4.0,64.0,0.25
-2.497664111225779,-12.247897700103199,9.75023358887742,0.5199999999999999,0.0,0.0,1.0,-2.497664111225779,0.5199999999999999,0.0,1.0,8.0,CliffWalking-v1,58,128,16,static_rollout_pool,0 1 1 1 1 1 1 1 1 1 1 1 2 0 0 0,,,
27.165921364838358,-304.9931278805124,332.1590492453508,26.55999999999999,12.0,3.0,0.0,27.165921364838358,26.55999999999999,12.0,0.0,8.0,CliffWalking-v1,58,128,16,uniform_static_pool,2 1 1 3 1 0 0 2 3 2 2 2 0 2 2 0,,,
-7.292222890512434,-113.8542228905124,106.56199999999997,4.960000000000001,2.0,1.0,0.0,-7.292222890512434,4.960000000000001,2.0,0.0,,CliffWalking-v1,58,128,16,uct_mcts,1 3 0 0 0 0 0 0 0 0 0 0 0 0 0 0,9.0,128.0,0.6666666666666666
-18.419236384235422,-14.854222890512432,-3.56501349372299,0.64,0.0,0.0,0.0,-18.419236384235422,0.64,0.0,0.0,,CliffWalking-v1,58,128,16,uncertainty_mcts,2 0 0 0 0 0 0 0 0 0 0 0 0 0 0 0,9.0,128.0,0.6666666666666666
-14.854222890512432,-14.854222890512432,0.0,0.64,0.0,0.0,0.0,-14.854222890512432,0.64,0.0,0.0,,CliffWalking-v1,58,128,16,true_model_uct,2 3 0 0 0 0 0 0 0 0 0 0 0 0 0 0,9.0,128.0,0.4444444444444444
-2.497664111225779,-12.247897700103199,9.75023358887742,0.5199999999999999,0.0,0.0,1.0,-2.497664111225779,0.5199999999999999,0.0,1.0,16.0,CliffWalking-v1,58,256,16,static_rollout_pool,0 1 1 1 1 1 1 1 1 1 1 1 2 0 0 0,,,
27.165921364838358,-304.9931278805124,332.1590492453508,26.55999999999999,12.0,3.0,0.0,27.165921364838358,26.55999999999999,12.0,0.0,16.0,CliffWalking-v1,58,256,16,uniform_static_pool,2 1 1 3 1 0 0 2 3 2 2 2 0 2 2 0,,,
3.7695581474875652,-307.92382389051244,311.693382038,11.43999999999999,5.0,3.0,0.0,3.7695581474875652,11.43999999999999,5.0,0.0,,CliffWalking-v1,58,256,16,uct_mcts,1 1 3 1 0 0 0 0 0 0 0 0 0 0 0 0,18.0,256.0,0.8333333333333334
-18.419236384235422,-14.854222890512432,-3.56501349372299,0.64,0.0,0.0,0.0,-18.419236384235422,0.64,0.0,0.0,,CliffWalking-v1,58,256,16,uncertainty_mcts,2 0 0 2 0 0 0 0 0 0 0 0 0 0 0 0,18.0,256.0,0.8333333333333334
-14.854222890512432,-14.854222890512432,0.0,0.64,0.0,0.0,0.0,-14.854222890512432,0.64,0.0,0.0,,CliffWalking-v1,58,256,16,true_model_uct,2 2 0 3 0 0 0 0 0 0 0 0 0 0 0 0,18.0,256.0,0.7222222222222222
-2.497664111225779,-12.247897700103199,9.75023358887742,0.5199999999999999,0.0,0.0,1.0,-2.497664111225779,0.5199999999999999,0.0,1.0,2.0,CliffWalking-v1,59,32,16,static_rollout_pool,0 1 1 1 1 1 1 1 1 1 1 1 2 0 0 0,,,
5.257012596780525,-104.38804831638404,109.64506091316457,13.600000000000001,6.0,1.0,0.0,5.257012596780525,13.600000000000001,6.0,0.0,2.0,CliffWalking-v1,59,32,16,uniform_static_pool,2 0 1 0 3 1 1 2 0 2 2 2 3 0 2 3,,,
-14.854222890512432,-14.854222890512432,0.0,0.64,0.0,0.0,0.0,-14.854222890512432,0.64,0.0,0.0,,CliffWalking-v1,59,32,16,uct_mcts,0 0 0 0 0 0 0 0 0 0 0 0 0 0 0 0,2.0,32.0,0.5
-36.64763638423542,-113.8542228905124,77.20658650627698,4.960000000000001,2.0,1.0,0.0,-36.64763638423542,4.960000000000001,2.0,0.0,,CliffWalking-v1,59,32,16,uncertainty_mcts,1 0 0 0 0 0 0 0 0 0 0 0 0 0 0 0,2.0,32.0,0.5
-14.854222890512432,-14.854222890512432,0.0,0.64,0.0,0.0,0.0,-14.854222890512432,0.64,0.0,0.0,,CliffWalking-v1,59,32,16,true_model_uct,0 0 0 0 0 0 0 0 0 0 0 0 0 0 0 0,2.0,32.0,0.5
-2.497664111225779,-12.247897700103199,9.75023358887742,0.5199999999999999,0.0,0.0,1.0,-2.497664111225779,0.5199999999999999,0.0,1.0,4.0,CliffWalking-v1,59,64,16,static_rollout_pool,0 1 1 1 1 1 1 1 1 1 1 1 2 0 0 0,,,
5.257012596780525,-104.38804831638404,109.64506091316457,13.600000000000001,6.0,1.0,0.0,5.257012596780525,13.600000000000001,6.0,0.0,4.0,CliffWalking-v1,59,64,16,uniform_static_pool,2 0 1 0 3 1 1 2 0 2 2 2 3 0 2 3,,,
-7.292222890512434,-113.8542228905124,106.56199999999997,4.960000000000001,2.0,1.0,0.0,-7.292222890512434,4.960000000000001,2.0,0.0,,CliffWalking-v1,59,64,16,uct_mcts,1 0 0 0 0 0 0 0 0 0 0 0 0 0 0 0,4.0,64.0,0.25
-36.64763638423542,-113.8542228905124,77.20658650627698,4.960000000000001,2.0,1.0,0.0,-36.64763638423542,4.960000000000001,2.0,0.0,,CliffWalking-v1,59,64,16,uncertainty_mcts,1 0 0 0 0 0 0 0 0 0 0 0 0 0 0 0,4.0,64.0,0.25
-14.854222890512432,-14.854222890512432,0.0,0.64,0.0,0.0,0.0,-14.854222890512432,0.64,0.0,0.0,,CliffWalking-v1,59,64,16,true_model_uct,0 0 0 0 0 0 0 0 0 0 0 0 0 0 0 0,4.0,64.0,0.25
-2.497664111225779,-12.247897700103199,9.75023358887742,0.5199999999999999,0.0,0.0,1.0,-2.497664111225779,0.5199999999999999,0.0,1.0,8.0,CliffWalking-v1,59,128,16,static_rollout_pool,0 1 1 1 1 1 1 1 1 1 1 1 2 0 0 0,,,
5.257012596780525,-104.38804831638404,109.64506091316457,13.600000000000001,6.0,1.0,0.0,5.257012596780525,13.600000000000001,6.0,0.0,8.0,CliffWalking-v1,59,128,16,uniform_static_pool,2 0 1 0 3 1 1 2 0 2 2 2 3 0 2 3,,,
-3.567842890512434,-211.86422289051248,208.29638000000006,7.120000000000001,3.0,2.0,0.0,-3.567842890512434,7.120000000000001,3.0,0.0,,CliffWalking-v1,59,128,16,uct_mcts,1 1 0 0 0 0 0 0 0 0 0 0 0 0 0 0,9.0,128.0,0.4444444444444444
-18.419236384235422,-14.854222890512432,-3.56501349372299,0.64,0.0,0.0,0.0,-18.419236384235422,0.64,0.0,0.0,,CliffWalking-v1,59,128,16,uncertainty_mcts,0 1 0 0 0 0 0 0 0 0 0 0 0 0 0 0,9.0,128.0,0.5555555555555556
-14.854222890512432,-14.854222890512432,0.0,0.64,0.0,0.0,0.0,-14.854222890512432,0.64,0.0,0.0,,CliffWalking-v1,59,128,16,true_model_uct,0 0 0 0 0 0 0 0 0 0 0 0 0 0 0 0,9.0,128.0,0.6666666666666666
-2.497664111225779,-12.247897700103199,9.75023358887742,0.5199999999999999,0.0,0.0,1.0,-2.497664111225779,0.5199999999999999,0.0,1.0,16.0,CliffWalking-v1,59,256,16,static_rollout_pool,0 1 1 1 1 1 1 1 1 1 1 1 2 0 0 0,,,
20.778678901863035,-292.07659314534027,312.8552720472033,22.23999999999999,10.0,3.0,0.0,20.778678901863035,22.23999999999999,10.0,0.0,16.0,CliffWalking-v1,59,256,16,uniform_static_pool,2 1 0 2 2 3 1 2 3 3 3 3 2 2 1 3,,,
-3.567842890512434,-113.8542228905124,110.28637999999997,7.120000000000001,3.0,1.0,0.0,-3.567842890512434,7.120000000000001,3.0,0.0,,CliffWalking-v1,59,256,16,uct_mcts,1 2 0 1 0 0 0 0 0 0 0 0 0 0 0 0,18.0,256.0,0.7222222222222222
-18.419236384235422,-14.854222890512432,-3.56501349372299,0.64,0.0,0.0,0.0,-18.419236384235422,0.64,0.0,0.0,,CliffWalking-v1,59,256,16,uncertainty_mcts,0 0 1 0 0 0 0 0 0 0 0 0 0 0 0 0,18.0,256.0,0.7777777777777778
-14.854222890512432,-14.854222890512432,0.0,0.64,0.0,0.0,0.0,-14.854222890512432,0.64,0.0,0.0,,CliffWalking-v1,59,256,16,true_model_uct,0 0 3 3 0 0 0 0 0 0 0 0 0 0 0 0,18.0,256.0,0.8333333333333334
